ID,Title,Original Price,Current Price,Discount %,Offer,URL
9pnvdqkpjrqv,SILENT HILL 2,79999.0,39999.5,50.00%,"Ahorra hasta $ 39.999,50",https://www.xbox.com/es-ar/games/store/silent-hill-2/9pnvdqkpjrqv
9nkx70bbcdrn,Forza Horizon 5: Edición Estándar,13199.5,13199.5,0.00%,"Ahorra hasta $ 13.199,50",https://www.xbox.com/es-ar/games/store/forza-horizon-5-edicion-estandar/9nkx70bbcdrn
9mtlkm2djmz2,Forza Horizon 5 Premium Edition,43999.0,21999.5,50.00%,"Ahorra hasta $ 21.999,50",https://www.xbox.com/es-ar/games/store/forza-horizon-5-premium-edition/9mtlkm2djmz2
9n79tqtztqq4,MARVEL Cosmic Invasion,36179.1,36179.1,0.00%,"Ahorra hasta $ 4.019,90",https://www.xbox.com/es-ar/games/store/marvel-cosmic-invasion/9n79tqtztqq4
9nbfgkqlmv33,House Flipper,30.9,30.9,0.00%,"Ahorra hasta $ 278,10",https://www.xbox.com/es-ar/games/store/house-flipper/9nbfgkqlmv33
9mvh0zcsttqp,Hogwarts Legacy: Paquete de las Artes Oscuras,2999.0,449.85,85.00%,"Ahorra hasta $ 2.549,15",https://www.xbox.com/es-ar/games/store/hogwarts-legacy-paquete-de-las-artes-oscuras/9mvh0zcsttqp
9plvw2p56h1b,Mortal Kombat 11 Ultimate Lote Complemento,2999.0,299.9,90.00%,"Ahorra hasta $ 2.699,10",https://www.xbox.com/es-ar/games/store/mortal-kombat-11-ultimate-lote-complemento/9plvw2p56h1b
9p9jdv1pv21h,SILENT HILL 2 Deluxe Edition,89999.0,44999.5,50.00%,"Ahorra hasta $ 44.999,50",https://www.xbox.com/es-ar/games/store/silent-hill-2-deluxe-edition/9p9jdv1pv21h
9mw10gx140n1,Hogwarts Legacy: Digital Deluxe Edition,37999.0,5699.85,85.00%,"Ahorra hasta $ 32.299,15",https://www.xbox.com/es-ar/games/store/hogwarts-legacy-digital-deluxe-edition/9mw10gx140n1
9pmqdm08snk9,Microsoft Flight Simulator (2020) Standard 40th Anniversary Edition,4799.6,4799.6,0.00%,"Ahorra hasta $ 7.199,40",https://www.xbox.com/es-ar/games/store/microsoft-flight-simulator-2020-standard-40th-anniversary-edition/9pmqdm08snk9
9ph0xbvchj3s,Ready or Not: Mission Pass Alpha,284.0,227.2,20.00%,"Ahorra hasta $ 56,80",https://www.xbox.com/es-ar/games/store/ready-or-not-mission-pass-alpha/9ph0xbvchj3s
9p1w94sb1zvn,Indiana Jones y el Gran Círculo™: La Orden de los Gigantes,16999.0,12749.25,25.00%,"Ahorra hasta $ 4.249,75",https://www.xbox.com/es-ar/games/store/indiana-jones-y-el-gran-circulo-la-orden-de-los-gigantes/9p1w94sb1zvn
9p992069xx42,Mortal Kombat™ 1: Mejora Edición Definitiva,41999.0,8399.8,80.00%,"Ahorra hasta $ 33.599,20",https://www.xbox.com/es-ar/games/store/mortal-kombat-1-mejora-edicion-definitiva/9p992069xx42
9pn2schcv9q0,Cuphead - The Delicious Last Course,223.0,156.1,30.00%,"Ahorra hasta $ 66,90",https://www.xbox.com/es-ar/games/store/cuphead-the-delicious-last-course/9pn2schcv9q0
9pcprf8dnf3x,DRAGON BALL XENOVERSE 2 - Dragon Ball DAIMA Pack,6859.0,4801.3,30.00%,"Ahorra hasta $ 2.057,70",https://www.xbox.com/es-ar/games/store/dragon-ball-xenoverse-2-dragon-ball-daima-pack/9pcprf8dnf3x
9p6v80xh1lh8,Red Dead Redemption (PC),44899.0,22449.5,50.00%,"Ahorra hasta $ 22.449,50",https://www.xbox.com/es-ar/games/store/red-dead-redemption-pc/9p6v80xh1lh8
9p16kj3st59b,Ready or Not: Home Invasion,142.0,113.6,20.00%,"Ahorra hasta $ 28,40",https://www.xbox.com/es-ar/games/store/ready-or-not-home-invasion/9p16kj3st59b
9p5mbbff3rnt,Ori: La Colección,5499.75,5499.75,0.00%,"Ahorra hasta $ 16.499,25",https://www.xbox.com/es-ar/games/store/ori-la-coleccion/9p5mbbff3rnt
9p8pgc771mlp,Forza Motorsport Premium Edition,43999.0,21999.5,50.00%,"Ahorra hasta $ 21.999,50",https://www.xbox.com/es-ar/games/store/forza-motorsport-premium-edition/9p8pgc771mlp
9p1hx37nmjlt,Forza Horizon 5 Deluxe Edition,35199.0,17599.5,50.00%,"Ahorra hasta $ 17.599,50",https://www.xbox.com/es-ar/games/store/forza-horizon-5-deluxe-edition/9p1hx37nmjlt
9n8cd0xzklp4,Ori and the Will of the Wisps,3299.75,3299.75,0.00%,"Ahorra hasta $ 9.899,25",https://www.xbox.com/es-ar/games/store/ori-and-the-will-of-the-wisps/9n8cd0xzklp4
9pnsz7gmwcqz,Expansión uno de Forza Horizon 5,8799.0,4399.5,50.00%,"Ahorra hasta $ 4.399,50",https://www.xbox.com/es-ar/games/store/expansion-uno-de-forza-horizon-5/9pnsz7gmwcqz
9mz0sr207mg8,Paquete de complementos Premium de Forza Horizon 5,21999.0,10999.5,50.00%,"Ahorra hasta $ 10.999,50",https://www.xbox.com/es-ar/games/store/paquete-de-complementos-premium-de-forza-horizon-5/9mz0sr207mg8
9nt7gz4mczsn,DRAGON BALL XENOVERSE 2 - FUTURE SAGA Chapter 2,7749.0,3874.5,50.00%,"Ahorra hasta $ 3.874,50",https://www.xbox.com/es-ar/games/store/dragon-ball-xenoverse-2-future-saga-chapter-2/9nt7gz4mczsn
9pjthrnvh62h,Grounded,8799.5,8799.5,0.00%,"Ahorra hasta $ 8.799,50",https://www.xbox.com/es-ar/games/store/grounded/9pjthrnvh62h
9nn1z8lhmfbv,Chorus,22899.0,3434.85,85.00%,"Ahorra hasta $ 19.464,15",https://www.xbox.com/es-ar/games/store/chorus/9nn1z8lhmfbv
9plkvswr299f,Forza Motorsport Standard Edition,15499.5,15499.5,0.00%,"Ahorra hasta $ 15.499,50",https://www.xbox.com/es-ar/games/store/forza-motorsport-standard-edition/9plkvswr299f
9p6zxp2zrqcv,Grand Theft Auto V Enhanced (PC) y tarjeta Gran tiburón blanco,40499.0,18224.55,55.00%,"Ahorra hasta $ 22.274,45",https://www.xbox.com/es-ar/games/store/grand-theft-auto-v-enhanced-pc-y-tarjeta-gran-tiburon-blanco/9p6zxp2zrqcv
9pbvpjzfhlc7,Ready or Not: Dark Waters,142.0,113.6,20.00%,"Ahorra hasta $ 28,40",https://www.xbox.com/es-ar/games/store/ready-or-not-dark-waters/9pbvpjzfhlc7
9pkb49n0grlp,Pase de expansión,624.0,62.4,90.00%,"Ahorra hasta $ 561,60",https://www.xbox.com/es-ar/games/store/pase-de-expansion/9pkb49n0grlp
9ngddqdncnk2,Age of Empires II: Definitive Edition – Return of Rome,6599.0,2309.65,65.00%,"Ahorra hasta $ 4.289,35",https://www.xbox.com/es-ar/games/store/age-of-empires-ii-definitive-edition-return-of-rome/9ngddqdncnk2
9nrmqnr8h423,La Tierra Media™: Sombras de Guerra™ - Edición Definitiva,1999.0,199.9,90.00%,"Ahorra hasta $ 1.799,10",https://www.xbox.com/es-ar/games/store/la-tierra-media-sombras-de-guerra-edicion-definitiva/9nrmqnr8h423
9pmbb7nghv95,Senua’s Saga: Hellblade II,11249.75,11249.75,0.00%,"Ahorra hasta $ 33.749,25",https://www.xbox.com/es-ar/games/store/senuas-saga-hellblade-ii/9pmbb7nghv95
9pg26dbx43l1,Mortal Kombat 11 Ultimate,27999.0,4199.85,85.00%,"Ahorra hasta $ 23.799,15",https://www.xbox.com/es-ar/games/store/mortal-kombat-11-ultimate/9pg26dbx43l1
9mwdkl3sd6d9,HOT WHEELS UNLEASHED™ 2 - Turbocharged,49999.0,7499.85,85.00%,"Ahorra hasta $ 42.499,15",https://www.xbox.com/es-ar/games/store/hot-wheels-unleashed-2-turbocharged/9mwdkl3sd6d9
9n3zbmk6bmql,HOT WHEELS UNLEASHED™ 2 - Turbocharged - Legendary Edition,89999.0,13499.85,85.00%,"Ahorra hasta $ 76.499,15",https://www.xbox.com/es-ar/games/store/hot-wheels-unleashed-2-turbocharged-legendary-edition/9n3zbmk6bmql
9phkj2535pk2,Age of Empires II: DE - Chronicles: Battle for Greece,9999.0,3499.65,65.00%,"Ahorra hasta $ 6.499,35",https://www.xbox.com/es-ar/games/store/age-of-empires-ii-de-chronicles-battle-for-greece/9phkj2535pk2
9n78vxsp217q,Age of Empires II: DE - The Three Kingdoms,9999.0,6699.33,33.00%,"Ahorra hasta $ 3.299,67",https://www.xbox.com/es-ar/games/store/age-of-empires-ii-de-the-three-kingdoms/9n78vxsp217q
9nt9308xx0v9,Expansión Mortal Kombat 11: Aftermath,2499.0,249.9,90.00%,"Ahorra hasta $ 2.249,10",https://www.xbox.com/es-ar/games/store/expansion-mortal-kombat-11-aftermath/9nt9308xx0v9
9pbg4br44qkd,DRAGON BALL XENOVERSE 2 - FUTURE SAGA Chapter 1,13779.0,6889.5,50.00%,"Ahorra hasta $ 6.889,50",https://www.xbox.com/es-ar/games/store/dragon-ball-xenoverse-2-future-saga-chapter-1/9pbg4br44qkd
9n0g107kc01j,Age of Empires II: DE - Chronicles: Alexander the Great,13999.0,11199.2,20.00%,"Ahorra hasta $ 2.799,80",https://www.xbox.com/es-ar/games/store/age-of-empires-ii-de-chronicles-alexander-the-great/9n0g107kc01j
9pchmxrh1dqq,Chivalry 2 Special Edition Content,142.0,28.4,80.00%,"Ahorra hasta $ 113,60",https://www.xbox.com/es-ar/games/store/chivalry-2-special-edition-content/9pchmxrh1dqq
9n423c013b1f,Forza Motorsport and Forza Horizon 5 Premium Editions Bundle,87999.0,35199.6,60.00%,"Ahorra hasta $ 52.799,40",https://www.xbox.com/es-ar/games/store/forza-motorsport-and-forza-horizon-5-premium-editions-bundle/9n423c013b1f
9p8n0vn5m997,Maneater: Truth Quest Add-on,214.0,42.8,80.00%,"Ahorra hasta $ 171,20",https://www.xbox.com/es-ar/games/store/maneater-truth-quest-add-on/9p8n0vn5m997
9nf464c2w777,Yakuza: Like a Dragon Hero Edition,22999.0,9199.6,60.00%,"Ahorra hasta $ 13.799,40",https://www.xbox.com/es-ar/games/store/yakuza-like-a-dragon-hero-edition/9nf464c2w777
9p5t5sfrkg63,Jurassic World Evolution 2: Expansión Dominio Biosyn,2399.0,959.6,60.00%,"Ahorra hasta $ 1.439,40",https://www.xbox.com/es-ar/games/store/jurassic-world-evolution-2-expansion-dominio-biosyn/9p5t5sfrkg63
9nn77kbj3n24,Like a Dragon: Ishin! Digital Deluxe Edition,47999.0,9599.8,80.00%,"Ahorra hasta $ 38.399,20",https://www.xbox.com/es-ar/games/store/like-a-dragon-ishin-digital-deluxe-edition/9nn77kbj3n24
9n94ncgm1q2n,Age of Empires IV: Edición de Aniversario,6159.65,6159.65,0.00%,"Ahorra hasta $ 11.439,35",https://www.xbox.com/es-ar/games/store/age-of-empires-iv-edicion-de-aniversario/9n94ncgm1q2n
9mwxf3srd7qn,BALL x PIT,9599.2,9599.2,0.00%,"Ahorra hasta $ 2.399,80",https://www.xbox.com/es-ar/games/store/ball-x-pit/9mwxf3srd7qn
9nrkf1kg29f0,DRAGON BALL XENOVERSE 2 - Conton City Vote Pack,5199.0,2599.5,50.00%,"Ahorra hasta $ 2.599,50",https://www.xbox.com/es-ar/games/store/dragon-ball-xenoverse-2-conton-city-vote-pack/9nrkf1kg29f0
9p1f1phqlz8w,Like a Dragon: Infinite Wealth Edición Definitiva,38499.0,11549.7,70.00%,"Ahorra hasta $ 26.949,30",https://www.xbox.com/es-ar/games/store/like-a-dragon-infinite-wealth-edicion-definitiva/9p1f1phqlz8w
9nzs0r3q37xt,Pase anual de Back 4 Blood,3299.0,329.9,90.00%,"Ahorra hasta $ 2.969,10",https://www.xbox.com/es-ar/games/store/pase-anual-de-back-4-blood/9nzs0r3q37xt
btjpc1c99fs4,Mortal Kombat 11 Paquete de Kombate 1,1299.0,324.75,75.00%,"Ahorra hasta $ 974,25",https://www.xbox.com/es-ar/games/store/mortal-kombat-11-paquete-de-kombate-1/btjpc1c99fs4
9pfgwdcw7nl4,Persona 3 Reload: Pase de expansión,28999.0,8699.7,70.00%,"Ahorra hasta $ 20.299,30",https://www.xbox.com/es-ar/games/store/persona-3-reload-pase-de-expansion/9pfgwdcw7nl4
9ndgtqvvrsvs,Edición digital premium de Persona 3 Reload,99999.0,44999.55,55.00%,"Ahorra hasta $ 54.999,45",https://www.xbox.com/es-ar/games/store/edicion-digital-premium-de-persona-3-reload/9ndgtqvvrsvs
9njj29g85vxw,Age of Empires II: Definitive Edition - Los Señores de las Montañas,1999.0,699.65,65.00%,"Ahorra hasta $ 1.299,35",https://www.xbox.com/es-ar/games/store/age-of-empires-ii-definitive-edition-los-senores-de-las-montanas/9njj29g85vxw
9pj15d3rdxmv,Microsoft Flight Simulator (2020) Premium Deluxe 40th Anniversary Edition,22999.0,9199.6,60.00%,"Ahorra hasta $ 13.799,40",https://www.xbox.com/es-ar/games/store/microsoft-flight-simulator-2020-premium-deluxe-40th-anniversary-edition/9pj15d3rdxmv
9nqmnqds4qql,Age of Empires IV: El Ascenso de los Sultanes,6599.0,2309.65,65.00%,"Ahorra hasta $ 4.289,35",https://www.xbox.com/es-ar/games/store/age-of-empires-iv-el-ascenso-de-los-sultanes/9nqmnqds4qql
9pcvkq6qtc3z,Gotham Knights: Paquete Visionario,3299.0,329.9,90.00%,"Ahorra hasta $ 2.969,10",https://www.xbox.com/es-ar/games/store/gotham-knights-paquete-visionario/9pcvkq6qtc3z
9pcr7tsm1s96,aventura rally de Forza Horizon 5,8799.0,4399.5,50.00%,"Ahorra hasta $ 4.399,50",https://www.xbox.com/es-ar/games/store/aventura-rally-de-forza-horizon-5/9pcr7tsm1s96
9nlx2rr5wlzd,Colección de personajes 1 y 2 de LEGO® Star Wars™: La Saga De Skywalker,6999.0,1399.8,80.00%,"Ahorra hasta $ 5.599,20",https://www.xbox.com/es-ar/games/store/coleccion-de-personajes-1-y-2-de-lego-star-wars-la-saga-de-skywalker/9nlx2rr5wlzd
9n2l09bcx4gs,Age of Empires II: Definitive Edition- Vencedores y vencidos,5499.0,1924.65,65.00%,"Ahorra hasta $ 3.574,35",https://www.xbox.com/es-ar/games/store/age-of-empires-ii-definitive-edition-vencedores-y-vencidos/9n2l09bcx4gs
bzqb3n46jlg3,Fallout 4: Nuka-World,4399.0,2639.4,40.00%,"Ahorra hasta $ 1.759,60",https://www.xbox.com/es-ar/games/store/fallout-4-nuka-world/bzqb3n46jlg3
9nbr2vxt87sj,Psychonauts 2,3989.85,3989.85,0.00%,"Ahorra hasta $ 22.609,15",https://www.xbox.com/es-ar/games/store/psychonauts-2/9nbr2vxt87sj
9nr7xdnvp5sw,As Dusk Falls,674.75,674.75,0.00%,"Ahorra hasta $ 2.024,25",https://www.xbox.com/es-ar/games/store/as-dusk-falls/9nr7xdnvp5sw
c1mhjk6rkdvm,Fallout 4: Far Harbor,6599.0,3959.4,40.00%,"Ahorra hasta $ 2.639,60",https://www.xbox.com/es-ar/games/store/fallout-4-far-harbor/c1mhjk6rkdvm
c37186x3p4w6,DRAGON BALL XENOVERSE 2: Extra Pass,8399.0,4199.5,50.00%,"Ahorra hasta $ 4.199,50",https://www.xbox.com/es-ar/games/store/dragon-ball-xenoverse-2-extra-pass/c37186x3p4w6
9njcvgs6t30k,South of Midnight,29999.25,29999.25,0.00%,"Ahorra hasta $ 9.999,75",https://www.xbox.com/es-ar/games/store/south-of-midnight/9njcvgs6t30k
9nzt8pl7xdw4,House Flipper - Garden,284.0,85.2,70.00%,"Ahorra hasta $ 198,80",https://www.xbox.com/es-ar/games/store/house-flipper-garden/9nzt8pl7xdw4
9pgnggwbx1nr,Drake Hollow,429.0,85.8,80.00%,"Ahorra hasta $ 343,20",https://www.xbox.com/es-ar/games/store/drake-hollow/9pgnggwbx1nr
9nrrjxr84xt0,DRAGON BALL XENOVERSE 2 - Time Patrol Support Pack,4289.0,3002.3,30.00%,"Ahorra hasta $ 1.286,70",https://www.xbox.com/es-ar/games/store/dragon-ball-xenoverse-2-time-patrol-support-pack/9nrrjxr84xt0
9nzjmtqv3c3m,Jurassic World Evolution 2: Expansión Dominio Malta,2399.0,959.6,60.00%,"Ahorra hasta $ 1.439,40",https://www.xbox.com/es-ar/games/store/jurassic-world-evolution-2-expansion-dominio-malta/9nzjmtqv3c3m
9pcclppsff8f,DRAGON BALL XENOVERSE 2 - HERO OF JUSTICE Pack Set,10879.0,5439.5,50.00%,"Ahorra hasta $ 5.439,50",https://www.xbox.com/es-ar/games/store/dragon-ball-xenoverse-2-hero-of-justice-pack-set/9pcclppsff8f
9pjk9c50mb67,The Outer Worlds 2 Premium Edition,109999.0,87999.2,20.00%,"Ahorra hasta $ 21.999,80",https://www.xbox.com/es-ar/games/store/the-outer-worlds-2-premium-edition/9pjk9c50mb67
9p7qsn91wn52,DRAGON BALL XENOVERSE 2 - Lote Ultra Pack,9599.0,4799.5,50.00%,"Ahorra hasta $ 4.799,50",https://www.xbox.com/es-ar/games/store/dragon-ball-xenoverse-2-lote-ultra-pack/9p7qsn91wn52
9pmt5cf9kd9m,ASTRONEER: Glitchwalkers,5499.0,4399.2,20.00%,"Ahorra hasta $ 1.099,80",https://www.xbox.com/es-ar/games/store/astroneer-glitchwalkers/9pmt5cf9kd9m
9nb8d0j5xhdr,DREDGE - Expansion Bundle,11980.0,5990.0,50.00%,"Ahorra hasta $ 5.990,00",https://www.xbox.com/es-ar/games/store/dredge-expansion-bundle/9nb8d0j5xhdr
9phm3p846qfg,DRAGON BALL XENOVERSE 2 - Legend Patrol Pack,6399.0,3199.5,50.00%,"Ahorra hasta $ 3.199,50",https://www.xbox.com/es-ar/games/store/dragon-ball-xenoverse-2-legend-patrol-pack/9phm3p846qfg
9nqpp066jt6w,Slimeboo,1870.0,1496.0,20.00%,"Ahorra hasta $ 374,00",https://www.xbox.com/es-ar/games/store/slimeboo/9nqpp066jt6w
9nvhrqgs3pkx,DRAGON BALL XENOVERSE 2 - Legendary Pack Set,4799.0,2399.5,50.00%,"Ahorra hasta $ 2.399,50",https://www.xbox.com/es-ar/games/store/dragon-ball-xenoverse-2-legendary-pack-set/9nvhrqgs3pkx
bntndkmwbr9q,Fallout 4: Vault-Tec Workshop,2199.0,1319.4,40.00%,"Ahorra hasta $ 879,60",https://www.xbox.com/es-ar/games/store/fallout-4-vault-tec-workshop/bntndkmwbr9q
bp36dl36490m,Fallout 4: Automatron,4399.0,2639.4,40.00%,"Ahorra hasta $ 1.759,60",https://www.xbox.com/es-ar/games/store/fallout-4-automatron/bp36dl36490m
bxb9zvf7rtf6,Fallout 4: Contraptions Workshop,2199.0,1319.4,40.00%,"Ahorra hasta $ 879,60",https://www.xbox.com/es-ar/games/store/fallout-4-contraptions-workshop/bxb9zvf7rtf6
9p04whjj3jcd,Train Sim World® 6: Bahnstrecke Bremen - Oldenburg,51999.0,5199.9,90.00%,"Ahorra hasta $ 46.799,10",https://www.xbox.com/es-ar/games/store/train-sim-world-6-bahnstrecke-bremen-oldenburg/9p04whjj3jcd
9mv982pd8kcm,House Flipper: Ultimate DLC Bundle,1289.0,515.6,60.00%,"Ahorra hasta $ 773,40",https://www.xbox.com/es-ar/games/store/house-flipper-ultimate-dlc-bundle/9mv982pd8kcm
9nc2hvprqq9f,Assassin's Creed Origins,4799.9,4799.9,0.00%,"Ahorra hasta $ 43.199,10",https://www.xbox.com/es-ar/games/store/assassins-creed-origins/9nc2hvprqq9f
9pn5lwp13h12,Mortal Kombat 11 Paquete de Kombate 2,1199.0,299.75,75.00%,"Ahorra hasta $ 899,25",https://www.xbox.com/es-ar/games/store/mortal-kombat-11-paquete-de-kombate-2/9pn5lwp13h12
9nt3w7n3wpsv,Train Sim World® 6: Northeast Corridor: Boston - Providence,38999.0,3899.9,90.00%,"Ahorra hasta $ 35.099,10",https://www.xbox.com/es-ar/games/store/train-sim-world-6-northeast-corridor-boston-providence/9nt3w7n3wpsv
9nwfj2sg5980,Train Sim World® 6: Birmingham Cross City Line: Lichfield - Bromsgrove - Redditch,51999.0,10399.8,80.00%,"Ahorra hasta $ 41.599,20",https://www.xbox.com/es-ar/games/store/train-sim-world-6-birmingham-cross-city-line-lichfield-bromsgrove-redditch/9nwfj2sg5980
9nw0h3b7sj79,House Flipper - Luxury,1418.0,425.4,70.00%,"Ahorra hasta $ 992,60",https://www.xbox.com/es-ar/games/store/house-flipper-luxury/9nw0h3b7sj79
9nf83przk6k3,Tell Me Why: Capítulo 1-3,2199.75,2199.75,0.00%,"Ahorra hasta $ 6.599,25",https://www.xbox.com/es-ar/games/store/tell-me-why-capitulo-1-3/9nf83przk6k3
c3kqd0qj215r,Fallout 4: Wasteland Workshop,2199.0,1319.4,40.00%,"Ahorra hasta $ 879,60",https://www.xbox.com/es-ar/games/store/fallout-4-wasteland-workshop/c3kqd0qj215r
9n1hrx26h2s0,Planet Coaster 2: Pack Brujería,11999.0,9599.2,20.00%,"Ahorra hasta $ 2.399,80",https://www.xbox.com/es-ar/games/store/planet-coaster-2-pack-brujeria/9n1hrx26h2s0
9n9p97stb7fg,Jurassic World Evolution 2: Pack de mejoras Deluxe,1749.0,524.7,70.00%,"Ahorra hasta $ 1.224,30",https://www.xbox.com/es-ar/games/store/jurassic-world-evolution-2-pack-de-mejoras-deluxe/9n9p97stb7fg
9nsbj5g9jj83,Senua’s Saga: Hellblade II Edición Deluxe,64999.0,16249.75,75.00%,"Ahorra hasta $ 48.749,25",https://www.xbox.com/es-ar/games/store/senuas-saga-hellblade-ii-edicion-deluxe/9nsbj5g9jj83
bvdqflh4sm8t,Todo desbloqueado,4660.36,1864.14,60.00%,"Ahorra hasta $ 2.796,22",https://www.xbox.com/es-ar/games/store/todo-desbloqueado/bvdqflh4sm8t
9mw1fnxzthw7,Soul Hackers 2 - Edición digital Premium,71999.0,14399.8,80.00%,"Ahorra hasta $ 57.599,20",https://www.xbox.com/es-ar/games/store/soul-hackers-2-edicion-digital-premium/9mw1fnxzthw7
9p7c612ktfbd,Planet Coaster 2: Pack de atracciones: Amantes de la adrenalina,8999.0,4499.5,50.00%,"Ahorra hasta $ 4.499,50",https://www.xbox.com/es-ar/games/store/planet-coaster-2-pack-de-atracciones-amantes-de-la-adrenalina/9p7c612ktfbd
9n24wgztp92s,Mafia: Definitive Edition (Windows PC),36999.0,5549.85,85.00%,"Ahorra hasta $ 31.449,15",https://www.xbox.com/es-ar/games/store/mafia-definitive-edition-windows-pc/9n24wgztp92s
9pmwsg5m1d5f,Paquete especial PowerWash Simulator de Bob Esponja,6499.0,4874.25,25.00%,"Ahorra hasta $ 1.624,75",https://www.xbox.com/es-ar/games/store/paquete-especial-powerwash-simulator-de-bob-esponja/9pmwsg5m1d5f
9n5mzm3j3lcq,Forza Motorsport Premium Add-Ons Bundle,17599.0,8799.5,50.00%,"Ahorra hasta $ 8.799,50",https://www.xbox.com/es-ar/games/store/forza-motorsport-premium-add-ons-bundle/9n5mzm3j3lcq
9mxwljb00s14,PowerWash Simulator - Paquete especial de Wallace y Gromit,6499.0,4874.25,25.00%,"Ahorra hasta $ 1.624,75",https://www.xbox.com/es-ar/games/store/powerwash-simulator-paquete-especial-de-wallace-y-gromit/9mxwljb00s14
9nlr55mjwf27,Hell Let Loose - Pea Dot,2998.0,599.6,80.00%,"Ahorra hasta $ 2.398,40",https://www.xbox.com/es-ar/games/store/hell-let-loose-pea-dot/9nlr55mjwf27
9mwgvkwx67fx,Pathogen Expansion,1999.0,999.5,50.00%,"Ahorra hasta $ 999,50",https://www.xbox.com/es-ar/games/store/pathogen-expansion/9mwgvkwx67fx
9nqw69hs2sn0,PAYDAY 3: Jacket Character Pack,3799.0,2659.3,30.00%,"Ahorra hasta $ 1.139,70",https://www.xbox.com/es-ar/games/store/payday-3-jacket-character-pack/9nqw69hs2sn0
9pg4sxpgpkw0,House Flipper - Party Furniture Pack,70.0,49.0,30.00%,"Ahorra hasta $ 21,00",https://www.xbox.com/es-ar/games/store/house-flipper-party-furniture-pack/9pg4sxpgpkw0
9pmb5879j2fw,Assassin's Creed® Odyssey,7199.85,7199.85,0.00%,"Ahorra hasta $ 40.799,15",https://www.xbox.com/es-ar/games/store/assassins-creed-odyssey/9pmb5879j2fw
9p5r32316zk4,Persona 5 Tactica: Digital Deluxe Edition,63999.0,15999.75,75.00%,"Ahorra hasta $ 47.999,25",https://www.xbox.com/es-ar/games/store/persona-5-tactica-digital-deluxe-edition/9p5r32316zk4
9nh8n0m7cwln,Microsoft Flight Simulator (2020) Deluxe 40th Anniversary Edition,16999.0,6799.6,60.00%,"Ahorra hasta $ 10.199,40",https://www.xbox.com/es-ar/games/store/microsoft-flight-simulator-2020-deluxe-40th-anniversary-edition/9nh8n0m7cwln
c3mgkkxgxb3f,DRAGON BALL XENOVERSE 2: Super Pass,19199.0,9599.5,50.00%,"Ahorra hasta $ 9.599,50",https://www.xbox.com/es-ar/games/store/dragon-ball-xenoverse-2-super-pass/c3mgkkxgxb3f
9np0lv12sn2v,Train Sim World® 6: Maintalbahn: Aschaffenburg - Miltenberg Route Add-On,38999.0,11699.7,70.00%,"Ahorra hasta $ 27.299,30",https://www.xbox.com/es-ar/games/store/train-sim-world-6-maintalbahn-aschaffenburg-miltenberg-route-add-on/9np0lv12sn2v
9pd1p9v24s7d,House Flipper - Pets,1418.0,567.2,60.00%,"Ahorra hasta $ 850,80",https://www.xbox.com/es-ar/games/store/house-flipper-pets/9pd1p9v24s7d
9p5srf09fksn,PowerWash Simulator - Paquete especial de Shrek,6499.0,4874.25,25.00%,"Ahorra hasta $ 1.624,75",https://www.xbox.com/es-ar/games/store/powerwash-simulator-paquete-especial-de-shrek/9p5srf09fksn
9n1fqrzdp1qg,Train Sim World® 6: The Holiday Express: Runaway Elf,12999.0,3249.75,75.00%,"Ahorra hasta $ 9.749,25",https://www.xbox.com/es-ar/games/store/train-sim-world-6-the-holiday-express-runaway-elf/9n1fqrzdp1qg
9njg3g053lxp,Stacky Dash,6960.0,5568.0,20.00%,"Ahorra hasta $ 1.392,00",https://www.xbox.com/es-ar/games/store/stacky-dash/9njg3g053lxp
9mznv3zq5qfs,Power Rangers: Battle for the Grid - Pase de temporada 4,214.0,42.8,80.00%,"Ahorra hasta $ 171,20",https://www.xbox.com/es-ar/games/store/power-rangers-battle-for-the-grid-pase-de-temporada-4/9mznv3zq5qfs
9nmhp9smzhgz,Assassin's Creed® Valhalla,9599.8,9599.8,0.00%,"Ahorra hasta $ 38.399,20",https://www.xbox.com/es-ar/games/store/assassins-creed-valhalla/9nmhp9smzhgz
9n9tq428f8bg,PAYDAY 3: Party Powder Heist,3799.0,2659.3,30.00%,"Ahorra hasta $ 1.139,70",https://www.xbox.com/es-ar/games/store/payday-3-party-powder-heist/9n9tq428f8bg
9n78lbmnl1j3,Hell Let Loose - Luftwaffe Eagles,2998.0,599.6,80.00%,"Ahorra hasta $ 2.398,40",https://www.xbox.com/es-ar/games/store/hell-let-loose-luftwaffe-eagles/9n78lbmnl1j3
9pg02nt383d9,MK1: 5900 kristales de dragón,8399.0,4199.5,50.00%,"Ahorra $ 4.199,50",https://www.xbox.com/es-ar/games/store/mk1-5900-kristales-de-dragon/9pg02nt383d9
9n06c7qqkr53,House Flipper - Farm,284.0,142.0,50.00%,"Ahorra hasta $ 142,00",https://www.xbox.com/es-ar/games/store/house-flipper-farm/9n06c7qqkr53
9p8txfkqncrp,House Flipper - Dine Out,284.0,170.4,40.00%,"Ahorra hasta $ 113,60",https://www.xbox.com/es-ar/games/store/house-flipper-dine-out/9p8txfkqncrp
9ppsgtkm4wvn,PAYDAY 3: Year 1 Pass,24299.0,12149.5,50.00%,"Ahorra hasta $ 12.149,50",https://www.xbox.com/es-ar/games/store/payday-3-year-1-pass/9ppsgtkm4wvn
9nkxzb6xcxsr,PowerWash Simulator - Paquete especial Las aventuras de Alicia,6499.0,4874.25,25.00%,"Ahorra hasta $ 1.624,75",https://www.xbox.com/es-ar/games/store/powerwash-simulator-paquete-especial-las-aventuras-de-alicia/9nkxzb6xcxsr
9mzc0gx3r58g,NINJA GAIDEN 4 Deluxe Edition,99999.0,79999.2,20.00%,"Ahorra hasta $ 19.999,80",https://www.xbox.com/es-ar/games/store/ninja-gaiden-4-deluxe-edition/9mzc0gx3r58g
9nzckftdflmn,Hell Let Loose - Battle Scarred,2998.0,599.6,80.00%,"Ahorra hasta $ 2.398,40",https://www.xbox.com/es-ar/games/store/hell-let-loose-battle-scarred/9nzckftdflmn
9n0s54szjtfj,HOT WHEELS UNLEASHED™ 2 - Turbocharged - Deluxe Edition,69999.0,10499.85,85.00%,"Ahorra hasta $ 59.499,15",https://www.xbox.com/es-ar/games/store/hot-wheels-unleashed-2-turbocharged-deluxe-edition/9n0s54szjtfj
9p2kwspfcgz1,Paquete especial de Volver al futuro de PowerWash Simulator,6499.0,4874.25,25.00%,"Ahorra hasta $ 1.624,75",https://www.xbox.com/es-ar/games/store/paquete-especial-de-volver-al-futuro-de-powerwash-simulator/9p2kwspfcgz1
9p8k7l6cdv8v,"PowerWash Simulator - Paquete especial de Warhammer 40,000",6499.0,4874.25,25.00%,"Ahorra hasta $ 1.624,75",https://www.xbox.com/es-ar/games/store/powerwash-simulator-paquete-especial-de-warhammer-40-000/9p8k7l6cdv8v
9mvqxw1rjvcn,Far Cry® 5,7199.85,7199.85,0.00%,"Ahorra hasta $ 40.799,15",https://www.xbox.com/es-ar/games/store/far-cry-5/9mvqxw1rjvcn
9njwx7nt5m3r,Planet Coaster 2: Pack de atracciones de feria vintage,16999.0,8499.5,50.00%,"Ahorra hasta $ 8.499,50",https://www.xbox.com/es-ar/games/store/planet-coaster-2-pack-de-atracciones-de-feria-vintage/9njwx7nt5m3r
9mwn0m5vtcbr,Hell Let Loose - Hot Drop,2998.0,599.6,80.00%,"Ahorra hasta $ 2.398,40",https://www.xbox.com/es-ar/games/store/hell-let-loose-hot-drop/9mwn0m5vtcbr
9pdg79n0qlvc,YAKUZA: Shadows of New York,20099.0,18089.1,10.00%,"Ahorra hasta $ 2.009,90",https://www.xbox.com/es-ar/games/store/yakuza-shadows-of-new-york/9pdg79n0qlvc
9ppdc1ghf831,The Outer Worlds 2 Premium Upgrade,30000.0,24000.0,20.00%,"Ahorra hasta $ 6.000,00",https://www.xbox.com/es-ar/games/store/the-outer-worlds-2-premium-upgrade/9ppdc1ghf831
9phnndgbbphp,Train Sim World® 6: Avanti West Coast BR Class 390 Pendolino EMU,29899.0,8969.7,70.00%,"Ahorra hasta $ 20.929,30",https://www.xbox.com/es-ar/games/store/train-sim-world-6-avanti-west-coast-br-class-390-pendolino-emu/9phnndgbbphp
9p79t3khh6mn,Age of Empires III: Definitive Edition - United States Civilization,499.0,124.75,75.00%,"Ahorra hasta $ 374,25",https://www.xbox.com/es-ar/games/store/age-of-empires-iii-definitive-edition-united-states-civilization/9p79t3khh6mn
9nt4dgn58ltp,Hell Let Loose - Tropic Fever,2998.0,599.6,80.00%,"Ahorra hasta $ 2.398,40",https://www.xbox.com/es-ar/games/store/hell-let-loose-tropic-fever/9nt4dgn58ltp
9n1bsbdn8m36,Hell Let Loose – Upper Echelon,2998.0,599.6,80.00%,"Ahorra hasta $ 2.398,40",https://www.xbox.com/es-ar/games/store/hell-let-loose-upper-echelon/9n1bsbdn8m36
9pntstg3vb20,Age of Mythology: Retold – Heavenly Spear,19999.0,15999.2,20.00%,"Ahorra hasta $ 3.999,80",https://www.xbox.com/es-ar/games/store/age-of-mythology-retold-heavenly-spear/9pntstg3vb20
9nwznvzwdmpt,Paquete de Destiny 2: Bastión de Sombras (PC),11999.0,1199.9,90.00%,"Ahorra hasta $ 10.799,10",https://www.xbox.com/es-ar/games/store/paquete-de-destiny-2-bastion-de-sombras-pc/9nwznvzwdmpt
9n73xvrcpvx6,Train Sim World® 6: Cardiff City Network: Radur & Coryton to Penarth & Bae Caerdydd,51999.0,33799.35,35.00%,"Ahorra hasta $ 18.199,65",https://www.xbox.com/es-ar/games/store/train-sim-world-6-cardiff-city-network-radur-coryton-to-penarth-bae-caerdydd/9n73xvrcpvx6
9n1xddl50x5f,Riders Republic™,3199.9,3199.9,0.00%,"Ahorra hasta $ 28.799,10",https://www.xbox.com/es-ar/games/store/riders-republic/9n1xddl50x5f
9ntdf4zq0gl6,Age of Mythology: Retold - Immortal Pillars,9999.0,4999.5,50.00%,"Ahorra hasta $ 4.999,50",https://www.xbox.com/es-ar/games/store/age-of-mythology-retold-immortal-pillars/9ntdf4zq0gl6
9n11q6pfn99t,Hell Let Loose - Iron Vanguard,2998.0,599.6,80.00%,"Ahorra hasta $ 2.398,40",https://www.xbox.com/es-ar/games/store/hell-let-loose-iron-vanguard/9n11q6pfn99t
9n19675t42x4,Hell Let Loose - Red Steel,2998.0,599.6,80.00%,"Ahorra hasta $ 2.398,40",https://www.xbox.com/es-ar/games/store/hell-let-loose-red-steel/9n19675t42x4
9msmn2pj6hqn,Age of Empires III: Definitive Edition - Mexico Civilization,599.0,149.75,75.00%,"Ahorra hasta $ 449,25",https://www.xbox.com/es-ar/games/store/age-of-empires-iii-definitive-edition-mexico-civilization/9msmn2pj6hqn
9pjrsmj5psd1,LEGO® Star Wars™: La Saga De Skywalker Deluxe,32999.0,6599.8,80.00%,"Ahorra hasta $ 26.399,20",https://www.xbox.com/es-ar/games/store/lego-star-wars-la-saga-de-skywalker-deluxe/9pjrsmj5psd1
9n1ln379mj7f,EVERSPACE™ 2 - Wrath of the Ancients,359.0,287.2,20.00%,"Ahorra hasta $ 71,80",https://www.xbox.com/es-ar/games/store/everspace-2-wrath-of-the-ancients/9n1ln379mj7f
9p46q8h2frfd,Injustice™ 2 - Ultimate Pack,764.0,76.4,90.00%,"Ahorra hasta $ 687,60",https://www.xbox.com/es-ar/games/store/injustice-2-ultimate-pack/9p46q8h2frfd
9ncjwhhmvhr0,Keeper,31999.2,31999.2,0.00%,"Ahorra hasta $ 7.999,80",https://www.xbox.com/es-ar/games/store/keeper/9ncjwhhmvhr0
9p2jflb72vb9,Hell Let Loose - False Front,2998.0,599.6,80.00%,"Ahorra hasta $ 2.398,40",https://www.xbox.com/es-ar/games/store/hell-let-loose-false-front/9p2jflb72vb9
9p2gpl8zj4w9,Age of Empires III: DE The African Royals,999.0,249.75,75.00%,"Ahorra hasta $ 749,25",https://www.xbox.com/es-ar/games/store/age-of-empires-iii-de-the-african-royals/9p2gpl8zj4w9
9ncrlrg4x4fp,Mejora a la edición deluxe de Like a Dragon: Pirate Yakuza in Hawaii,18999.0,14249.25,25.00%,"Ahorra hasta $ 4.749,75",https://www.xbox.com/es-ar/games/store/mejora-a-la-edicion-deluxe-de-like-a-dragon-pirate-yakuza-in-hawaii/9ncrlrg4x4fp
9nxxdnzk202x,Lote pirata Ichiban,2799.0,2099.25,25.00%,"Ahorra hasta $ 699,75",https://www.xbox.com/es-ar/games/store/lote-pirata-ichiban/9nxxdnzk202x
9pn4drjdlzt7,Forza Motorsport Deluxe Edition,39999.0,19999.5,50.00%,"Ahorra hasta $ 19.999,50",https://www.xbox.com/es-ar/games/store/forza-motorsport-deluxe-edition/9pn4drjdlzt7
9ncz8w65h33v,Tom Clancy's Rainbow Six Siege X: Elite Edition,9399.5,9399.5,0.00%,"Ahorra hasta $ 9.399,50",https://www.xbox.com/es-ar/games/store/tom-clancys-rainbow-six-siege-x-elite-edition/9ncz8w65h33v
9plc3rpftz1w,EVERSPACE™ 2 - Titans,172.0,129.0,25.00%,"Ahorra hasta $ 43,00",https://www.xbox.com/es-ar/games/store/everspace-2-titans/9plc3rpftz1w
9ncvq5tt6239,Hell Let Loose - Skull Bucket,2998.0,599.6,80.00%,"Ahorra hasta $ 2.398,40",https://www.xbox.com/es-ar/games/store/hell-let-loose-skull-bucket/9ncvq5tt6239
9pmtjmml92s4,FAR CRY 4,4799.8,4799.8,0.00%,"Ahorra hasta $ 19.199,20",https://www.xbox.com/es-ar/games/store/far-cry-4/9pmtjmml92s4
9p9rvr3klsl1,NINJA GAIDEN 4 Deluxe Edition Upgrade,20000.0,16000.0,20.00%,"Ahorra hasta $ 4.000,00",https://www.xbox.com/es-ar/games/store/ninja-gaiden-4-deluxe-edition-upgrade/9p9rvr3klsl1
9plq7c3f0mhz,Hell Let Loose - Oak Leaf,4299.0,2149.5,50.00%,"Ahorra hasta $ 2.149,50",https://www.xbox.com/es-ar/games/store/hell-let-loose-oak-leaf/9plq7c3f0mhz
9npzlx3mprfm,Totally Reliable Delivery Service CyberFunk DLC,70.0,14.0,80.00%,"Ahorra hasta $ 56,00",https://www.xbox.com/es-ar/games/store/totally-reliable-delivery-service-cyberfunk-dlc/9npzlx3mprfm
9p00p7v4bmkl,Aliens: Fireteam Elite - Hardened Marine Pack,386.0,193.0,50.00%,"Ahorra hasta $ 193,00",https://www.xbox.com/es-ar/games/store/aliens-fireteam-elite-hardened-marine-pack/9p00p7v4bmkl
9n3d2n2jnwqm,Soul Hackers 2 - Edición digital deluxe,47999.0,9599.8,80.00%,"Ahorra hasta $ 38.399,20",https://www.xbox.com/es-ar/games/store/soul-hackers-2-edicion-digital-deluxe/9n3d2n2jnwqm
9pj89n863hx5,Date Everything! - Lavish DLC,7870.0,5115.5,35.00%,"Ahorra hasta $ 2.754,50",https://www.xbox.com/es-ar/games/store/date-everything-lavish-dlc/9pj89n863hx5
9ndpk3pk8x1h,Paquete de Destiny 2: Más allá de la Luz (PC),11999.0,1199.9,90.00%,"Ahorra hasta $ 10.799,10",https://www.xbox.com/es-ar/games/store/paquete-de-destiny-2-mas-alla-de-la-luz-pc/9ndpk3pk8x1h
9nlv77g3l9s2,Hell Let Loose - Lethal Tide,2998.0,599.6,80.00%,"Ahorra hasta $ 2.398,40",https://www.xbox.com/es-ar/games/store/hell-let-loose-lethal-tide/9nlv77g3l9s2
9ndx2bpz1796,Hell Let Loose - Red Devils,2998.0,1499.0,50.00%,"Ahorra hasta $ 1.499,00",https://www.xbox.com/es-ar/games/store/hell-let-loose-red-devils/9ndx2bpz1796
9ntwmqvj39xm,House Flipper - Pop Art Furniture Pack,70.0,49.0,30.00%,"Ahorra hasta $ 21,00",https://www.xbox.com/es-ar/games/store/house-flipper-pop-art-furniture-pack/9ntwmqvj39xm
9pkqvq5916h5,Chess Royal,43.0,25.8,40.00%,"Ahorra hasta $ 17,20",https://www.xbox.com/es-ar/games/store/chess-royal/9pkqvq5916h5
9nhm9137ssp3,Injustice™ 2 - Legendary Edition,1189.0,118.9,90.00%,"Ahorra hasta $ 1.070,10",https://www.xbox.com/es-ar/games/store/injustice-2-legendary-edition/9nhm9137ssp3
9nw7g97j9s6x,Watch Dogs®: Legion,4799.9,4799.9,0.00%,"Ahorra hasta $ 43.199,10",https://www.xbox.com/es-ar/games/store/watch-dogs-legion/9nw7g97j9s6x
bwmh951m3g3p,RESIDENT EVIL 2,8752.25,8752.25,0.00%,"Ahorra hasta $ 26.256,75",https://www.xbox.com/es-ar/games/store/resident-evil-2/bwmh951m3g3p
9nb5gpjdj7kc,Destiny 2: Eclipse (PC),17999.0,1799.9,90.00%,"Ahorra hasta $ 16.199,10",https://www.xbox.com/es-ar/games/store/destiny-2-eclipse-pc/9nb5gpjdj7kc
9phgsgmzg45v,Destiny 2: La Forma Final (PC),17999.0,6299.65,65.00%,"Ahorra hasta $ 11.699,35",https://www.xbox.com/es-ar/games/store/destiny-2-la-forma-final-pc/9phgsgmzg45v
9p8nxmzfm5x0,Totally Reliable Delivery Service Stunt Sets DLC,70.0,14.0,80.00%,"Ahorra hasta $ 56,00",https://www.xbox.com/es-ar/games/store/totally-reliable-delivery-service-stunt-sets-dlc/9p8nxmzfm5x0
9nnvfpzx06c5,Totally Reliable Delivery Service - Atari Attire DLC,4010.0,3208.0,20.00%,"Ahorra hasta $ 802,00",https://www.xbox.com/es-ar/games/store/totally-reliable-delivery-service-atari-attire-dlc/9nnvfpzx06c5
9nng9cx74mpk,DJMAX RESPECT V - V LIBERTY PACK,429.0,128.7,70.00%,"Ahorra hasta $ 300,30",https://www.xbox.com/es-ar/games/store/djmax-respect-v-v-liberty-pack/9nng9cx74mpk
9pfd7crl9x1m,"Mi Amiga, Peppa Pig: Aventuras Pirata",499.0,249.5,50.00%,"Ahorra hasta $ 249,50",https://www.xbox.com/es-ar/games/store/mi-amiga-peppa-pig-aventuras-pirata/9pfd7crl9x1m
9pnx7lq1sb8d,South of Midnight Premium Edition,49999.0,37499.25,25.00%,"Ahorra hasta $ 12.499,75",https://www.xbox.com/es-ar/games/store/south-of-midnight-premium-edition/9pnx7lq1sb8d
9ns2prnmkztb,Totally Reliable Delivery Service Dress Code DLC,43.0,8.6,80.00%,"Ahorra hasta $ 34,40",https://www.xbox.com/es-ar/games/store/totally-reliable-delivery-service-dress-code-dlc/9ns2prnmkztb
9p08gdxqfg77,Power Rangers: Battle for the Grid - Kit de actualización (Estándar de Super Edition),429.0,85.8,80.00%,"Ahorra hasta $ 343,20",https://www.xbox.com/es-ar/games/store/power-rangers-battle-for-the-grid-kit-de-actualizacion-estandar-de-super-edition/9p08gdxqfg77
9ngkmpb3s10p,Forza Motorsport and Forza Horizon 5 Premium Add-Ons Bundle,39999.0,15999.6,60.00%,"Ahorra hasta $ 23.999,40",https://www.xbox.com/es-ar/games/store/forza-motorsport-and-forza-horizon-5-premium-add-ons-bundle/9ngkmpb3s10p
9nrkwndgzvj5,Aliens: Fireteam Elite - Wey-Yu Armoury,922.0,461.0,50.00%,"Ahorra hasta $ 461,00",https://www.xbox.com/es-ar/games/store/aliens-fireteam-elite-wey-yu-armoury/9nrkwndgzvj5
9mx03xxgrsb4,Destiny 2: La Reina Bruja (PC),17999.0,1799.9,90.00%,"Ahorra hasta $ 16.199,10",https://www.xbox.com/es-ar/games/store/destiny-2-la-reina-bruja-pc/9mx03xxgrsb4
9p6vq73lddwv,DARKLAND III,43.0,15.0,65.12%,"Ahorra hasta $ 28,00",https://www.xbox.com/es-ar/games/store/darkland-iii/9p6vq73lddwv
9p7jk0k1p101,Hell Let Loose - Red Skies,2998.0,599.6,80.00%,"Ahorra hasta $ 2.398,40",https://www.xbox.com/es-ar/games/store/hell-let-loose-red-skies/9p7jk0k1p101
9p6m44w7st96,DJMAX RESPECT V - V EXTENSION V PACK,359.0,71.8,80.00%,"Ahorra hasta $ 287,20",https://www.xbox.com/es-ar/games/store/djmax-respect-v-v-extension-v-pack/9p6m44w7st96
9ncf45rlpsfw,Hell Let Loose - Polish Parachute Brigade Uniform,2998.0,1499.0,50.00%,"Ahorra hasta $ 1.499,00",https://www.xbox.com/es-ar/games/store/hell-let-loose-polish-parachute-brigade-uniform/9ncf45rlpsfw
9pmtb8l14r1v,PowerWash Simulator: Lote Satisfying Specials,39999.0,35999.1,10.00%,"Ahorra hasta $ 3.999,90",https://www.xbox.com/es-ar/games/store/powerwash-simulator-lote-satisfying-specials/9pmtb8l14r1v
9ngmsrmpmms8,JoJo's Bizarre Adventure: All-Star Battle R Pase de Temporada 2,9599.0,6239.35,35.00%,"Ahorra hasta $ 3.359,65",https://www.xbox.com/es-ar/games/store/jojos-bizarre-adventure-all-star-battle-r-pase-de-temporada-2/9ngmsrmpmms8
9n5cvm2glsgn,DJMAX RESPECT V - V EXTENSION IV PACK,359.0,71.8,80.00%,"Ahorra hasta $ 287,20",https://www.xbox.com/es-ar/games/store/djmax-respect-v-v-extension-iv-pack/9n5cvm2glsgn
9npmh5mpw39f,Aliens: Fireteam Elite - Endeavor Veteran Pack,922.0,461.0,50.00%,"Ahorra hasta $ 461,00",https://www.xbox.com/es-ar/games/store/aliens-fireteam-elite-endeavor-veteran-pack/9npmh5mpw39f
bsh57ctqdctv,Just Cause 4: Mecha matona,4099.0,2049.5,50.00%,"Ahorra hasta $ 2.049,50",https://www.xbox.com/es-ar/games/store/just-cause-4-mecha-matona/bsh57ctqdctv
9n4nqmpqw6sk,Trepang2 - Bladekisser DLC,6500.0,4550.0,30.00%,"Ahorra hasta $ 1.950,00",https://www.xbox.com/es-ar/games/store/trepang2-bladekisser-dlc/9n4nqmpqw6sk
9pl0l9p69r4r,Paquete de Destiny 2: Los Renegados (PC),11999.0,1199.9,90.00%,"Ahorra hasta $ 10.799,10",https://www.xbox.com/es-ar/games/store/paquete-de-destiny-2-los-renegados-pc/9pl0l9p69r4r
9nzj81g57rgt,Dead by Daylight: The Walking Dead Windows,4892.28,3669.21,25.00%,"Ahorra hasta $ 1.223,07",https://www.xbox.com/es-ar/games/store/dead-by-daylight-the-walking-dead-windows/9nzj81g57rgt
9n1vp8wdqk4d,Monster Hunter Rise,35219.0,7043.8,80.00%,"Ahorra hasta $ 28.175,20",https://www.xbox.com/es-ar/games/store/monster-hunter-rise/9n1vp8wdqk4d
9n97rc576957,A Plague Tale: Requiem - Windows,13999.99,13999.99,0.00%,"Ahorra hasta $ 26.000,00",https://www.xbox.com/es-ar/games/store/a-plague-tale-requiem-windows/9n97rc576957
9nptvvk35ln7,Train Sim World® 6: Cajon Pass: Barstow - San Bernardino,31999.0,12799.6,60.00%,"Ahorra hasta $ 19.199,40",https://www.xbox.com/es-ar/games/store/train-sim-world-6-cajon-pass-barstow-san-bernardino/9nptvvk35ln7
9nl7p965kjl7,Hell Let Loose - Cavalry Coat,2998.0,599.6,80.00%,"Ahorra hasta $ 2.398,40",https://www.xbox.com/es-ar/games/store/hell-let-loose-cavalry-coat/9nl7p965kjl7
9ngt91fhpsrd,South of Midnight Premium Upgrade Edition,10000.0,7500.0,25.00%,"Ahorra hasta $ 2.500,00",https://www.xbox.com/es-ar/games/store/south-of-midnight-premium-upgrade-edition/9ngt91fhpsrd
9nrqz1xfl1f5,Destiny 2: Paquete 30.º aniversario de Bungie (PC),14999.0,1499.9,90.00%,"Ahorra hasta $ 13.499,10",https://www.xbox.com/es-ar/games/store/destiny-2-paquete-30º-aniversario-de-bungie-pc/9nrqz1xfl1f5
9nb5chk7mq9k,Aliens: Fireteam Elite - UACM Frontline Pack,922.0,461.0,50.00%,"Ahorra hasta $ 461,00",https://www.xbox.com/es-ar/games/store/aliens-fireteam-elite-uacm-frontline-pack/9nb5chk7mq9k
9p6chhkz8f9b,Aliens: Fireteam Elite - Frontier Freelancer Pack,922.0,461.0,50.00%,"Ahorra hasta $ 461,00",https://www.xbox.com/es-ar/games/store/aliens-fireteam-elite-frontier-freelancer-pack/9p6chhkz8f9b
9nb77rrsspvf,Super Pixel Kid Adventure,43.0,15.0,65.12%,"Ahorra hasta $ 28,00",https://www.xbox.com/es-ar/games/store/super-pixel-kid-adventure/9nb77rrsspvf
9pd3vmq28mhh,DJMAX RESPECT V - V LIBERTY II PACK,429.0,257.4,40.00%,"Ahorra hasta $ 171,60",https://www.xbox.com/es-ar/games/store/djmax-respect-v-v-liberty-ii-pack/9pd3vmq28mhh
9pn9h547gsbl,DJMAX RESPECT V - V EXTENSION III PACK,359.0,71.8,80.00%,"Ahorra hasta $ 287,20",https://www.xbox.com/es-ar/games/store/djmax-respect-v-v-extension-iii-pack/9pn9h547gsbl
9p0x1grk9x8p,Power Rangers: Battle for the Grid - Kit de actualización (Collector's de Super Edition),284.0,56.8,80.00%,"Ahorra hasta $ 227,20",https://www.xbox.com/es-ar/games/store/power-rangers-battle-for-the-grid-kit-de-actualizacion-collectors-de-super-edition/9p0x1grk9x8p
9p6x7mg74b09,Spirit of the North 2 Deluxe Edition,56560.0,45248.0,20.00%,"Ahorra hasta $ 11.312,00",https://www.xbox.com/es-ar/games/store/spirit-of-the-north-2-deluxe-edition/9p6x7mg74b09
9p1zvvw7nrr3,Surgeon Simulator 2,284.0,56.8,80.00%,"Ahorra hasta $ 227,20",https://www.xbox.com/es-ar/games/store/surgeon-simulator-2/9p1zvvw7nrr3
9nm3hks3jj2p,ASTRONEER: Glitchwalkers - Deluxe Cosmetic Pack,4499.0,3599.2,20.00%,"Ahorra $ 899,80",https://www.xbox.com/es-ar/games/store/astroneer-glitchwalkers-deluxe-cosmetic-pack/9nm3hks3jj2p
9p29h72k2812,Paquete de temporada de SCARLET NEXUS,12799.0,6399.5,50.00%,"Ahorra hasta $ 6.399,50",https://www.xbox.com/es-ar/games/store/paquete-de-temporada-de-scarlet-nexus/9p29h72k2812
9nl5lk2tc9xr,Hell's Rangers Content Pack,4099.0,2459.4,40.00%,"Ahorra hasta $ 1.639,60",https://www.xbox.com/es-ar/games/store/hells-rangers-content-pack/9nl5lk2tc9xr
c3bj5mptk247,Just Cause 4: paquete Vehículos de asalto de adversario,4099.0,2049.5,50.00%,"Ahorra hasta $ 2.049,50",https://www.xbox.com/es-ar/games/store/just-cause-4-paquete-vehiculos-de-asalto-de-adversario/c3bj5mptk247
9n7btvkj6rnp,Pixapple Adventure (Windows),4550.0,4095.0,10.00%,"Ahorra hasta $ 455,00",https://www.xbox.com/es-ar/games/store/pixapple-adventure-windows/9n7btvkj6rnp
9pjb0grwx4mx,Aliens: Fireteam Elite - Nostromo Salvage Pack,922.0,461.0,50.00%,"Ahorra hasta $ 461,00",https://www.xbox.com/es-ar/games/store/aliens-fireteam-elite-nostromo-salvage-pack/9pjb0grwx4mx
9n4gq76b5rlp,Train Sim World® 6: NEC: New York - Trenton,51999.0,20799.6,60.00%,"Ahorra hasta $ 31.199,40",https://www.xbox.com/es-ar/games/store/train-sim-world-6-nec-new-york-trenton/9n4gq76b5rlp
9ns0cp192cz0,Lote de cirugía de matasanos,10202.5,5101.25,50.00%,"Ahorra hasta $ 5.101,25",https://www.xbox.com/es-ar/games/store/lote-de-cirugia-de-matasanos/9ns0cp192cz0
bnpc9w294pnh,Just Cause 4 - Paquete Corredor de neón,2499.0,749.7,70.00%,"Ahorra hasta $ 1.749,30",https://www.xbox.com/es-ar/games/store/just-cause-4-paquete-corredor-de-neon/bnpc9w294pnh
9mw93mm6r6j8,Trifecta Lootbag,800.0,536.0,33.00%,"Ahorra hasta $ 264,00",https://www.xbox.com/es-ar/games/store/trifecta-lootbag/9mw93mm6r6j8
9mvj91qz23x1,Lote atuendos de Ichiban,1899.0,1424.25,25.00%,"Ahorra hasta $ 474,75",https://www.xbox.com/es-ar/games/store/lote-atuendos-de-ichiban/9mvj91qz23x1
9ppqxcd6g1bv,Star Trucker - Heavy Duty Customisation Pack,2199.0,1539.3,30.00%,"Ahorra hasta $ 659,70",https://www.xbox.com/es-ar/games/store/star-trucker-heavy-duty-customisation-pack/9ppqxcd6g1bv
9pnzrfz8mqdp,JoJo's Bizarre Adventure: All-Star Battle R Pase de Temporada,12799.0,6399.5,50.00%,"Ahorra hasta $ 6.399,50",https://www.xbox.com/es-ar/games/store/jojos-bizarre-adventure-all-star-battle-r-pase-de-temporada/9pnzrfz8mqdp
9n4s09wpd9c6,Ninja Turtles: Mutantes Desencadenados - Paquete de la serie animada de 1987,3086.0,1543.0,50.00%,"Ahorra hasta $ 1.543,00",https://www.xbox.com/es-ar/games/store/ninja-turtles-mutantes-desencadenados-paquete-de-la-serie-animada-de-1987/9n4s09wpd9c6
bvt51jdpc0nv,Resident Evil 2 Extra DLC Pack,13123.0,6561.5,50.00%,"Ahorra hasta $ 6.561,50",https://www.xbox.com/es-ar/games/store/resident-evil-2-extra-dlc-pack/bvt51jdpc0nv
9ppk59bxld4n,Spirittea,284.0,170.4,40.00%,"Ahorra hasta $ 113,60",https://www.xbox.com/es-ar/games/store/spirittea/9ppk59bxld4n
brwcddv4zhl8,Just Cause 4: paquete Vehículos de juguete,4099.0,2049.5,50.00%,"Ahorra hasta $ 2.049,50",https://www.xbox.com/es-ar/games/store/just-cause-4-paquete-vehiculos-de-juguete/brwcddv4zhl8
9n3w3pj8mc47,Age of Empires III: Definitive Edition - Knights of the Mediterranean,999.0,249.75,75.00%,"Ahorra hasta $ 749,25",https://www.xbox.com/es-ar/games/store/age-of-empires-iii-definitive-edition-knights-of-the-mediterranean/9n3w3pj8mc47
9pjp4n76d3qb,World War Z - Deadly Vice Weapons Skin Pack,70.0,49.0,30.00%,"Ahorra hasta $ 21,00",https://www.xbox.com/es-ar/games/store/world-war-z-deadly-vice-weapons-skin-pack/9pjp4n76d3qb
9phcqp5j9b8g,Train Sim World® 6: Thomas & Friends™ Visit the West Somerset Railway,32499.0,21124.35,35.00%,"Ahorra hasta $ 11.374,65",https://www.xbox.com/es-ar/games/store/train-sim-world-6-thomas-friends-visit-the-west-somerset-railway/9phcqp5j9b8g
9mzstrj5c2gg,PAYDAY 3: capítulo 3 - La fuga de Houston,7499.0,3749.5,50.00%,"Ahorra hasta $ 3.749,50",https://www.xbox.com/es-ar/games/store/payday-3-capitulo-3-la-fuga-de-houston/9mzstrj5c2gg
9nb13346xgdz,SnowRunner - Season 1: Search & Recover (Windows 10),349.0,226.85,35.00%,"Ahorra hasta $ 122,15",https://www.xbox.com/es-ar/games/store/snowrunner-season-1-search-recover-windows-10/9nb13346xgdz
9n6zqslxtvd9,PAYDAY 3: Chapter 4 - Fear & Greed,7499.0,5249.3,30.00%,"Ahorra hasta $ 2.249,70",https://www.xbox.com/es-ar/games/store/payday-3-chapter-4-fear-greed/9n6zqslxtvd9
9p32qjb09rg0,PAYDAY 3: Fear & Greed Heist,3799.0,2659.3,30.00%,"Ahorra hasta $ 1.139,70",https://www.xbox.com/es-ar/games/store/payday-3-fear-greed-heist/9p32qjb09rg0
9nvcf43dkb4d,SnowRunner – Year 4 Pass (Windows),20999.0,16799.2,20.00%,"Ahorra hasta $ 4.199,80",https://www.xbox.com/es-ar/games/store/snowrunner-year-4-pass-windows/9nvcf43dkb4d
9nhdftcl691c,Bramble: The Mountain King,27999.0,5599.8,80.00%,"Ahorra hasta $ 22.399,20",https://www.xbox.com/es-ar/games/store/bramble-the-mountain-king/9nhdftcl691c
c29lkxvh4z4v,Just Cause 4: paquete Vehículos ultraveloces,4099.0,2049.5,50.00%,"Ahorra hasta $ 2.049,50",https://www.xbox.com/es-ar/games/store/just-cause-4-paquete-vehiculos-ultraveloces/c29lkxvh4z4v
9nndqhrszwtz,SnowRunner - Year 3 Pass (Windows 10),20999.0,14699.3,30.00%,"Ahorra hasta $ 6.299,70",https://www.xbox.com/es-ar/games/store/snowrunner-year-3-pass-windows-10/9nndqhrszwtz
9pj8ckfdwwlf,Prince of Persia The Lost Crown,13799.6,13799.6,0.00%,"Ahorra hasta $ 20.699,40",https://www.xbox.com/es-ar/games/store/prince-of-persia-the-lost-crown/9pj8ckfdwwlf
9n31dtts6wf5,Montezuma's Revenge - The 40th Anniversary Edition,20000.0,18000.0,10.00%,"Ahorra hasta $ 2.000,00",https://www.xbox.com/es-ar/games/store/montezumas-revenge-the-40th-anniversary-edition/9n31dtts6wf5
9pjn16ljz41m,Monster Hunter Rise + Sunbreak,52834.0,10566.8,80.00%,"Ahorra hasta $ 42.267,20",https://www.xbox.com/es-ar/games/store/monster-hunter-rise-sunbreak/9pjn16ljz41m
9pmwl1dd2xdg,Lote de oro sólido,10202.5,7651.87,25.00%,"Ahorra hasta $ 2.550,63",https://www.xbox.com/es-ar/games/store/lote-de-oro-solido/9pmwl1dd2xdg
9n04ns8tp202,Killer Instinct: Anniversary Edition,1799.7,1799.7,0.00%,"Ahorra hasta $ 4.199,30",https://www.xbox.com/es-ar/games/store/killer-instinct-anniversary-edition/9n04ns8tp202
9msxqxpfg0gs,PAYDAY 3: Boys in Blue - Chapter 2,7499.0,3749.5,50.00%,"Ahorra hasta $ 3.749,50",https://www.xbox.com/es-ar/games/store/payday-3-boys-in-blue-chapter-2/9msxqxpfg0gs
9nj2tn4zmrk9,World War Z - Vegas Skin Pack,70.0,56.0,20.00%,"Ahorra hasta $ 14,00",https://www.xbox.com/es-ar/games/store/world-war-z-vegas-skin-pack/9nj2tn4zmrk9
bq4jpc9d3f1x,Just Cause 4: El Dragón,1999.0,999.5,50.00%,"Ahorra hasta $ 999,50",https://www.xbox.com/es-ar/games/store/just-cause-4-el-dragon/bq4jpc9d3f1x
9nwvsbtg89kq,Dead by Daylight: Capítulo Silent Hill (Windows),4892.28,2446.14,50.00%,"Ahorra hasta $ 2.446,14",https://www.xbox.com/es-ar/games/store/dead-by-daylight-capitulo-silent-hill-windows/9nwvsbtg89kq
9p91fkv1l2f7,PAYDAY 3: Chapter 1 - Syntax Error,7499.0,3749.5,50.00%,"Ahorra hasta $ 3.749,50",https://www.xbox.com/es-ar/games/store/payday-3-chapter-1-syntax-error/9p91fkv1l2f7
9nh604b5tlh7,Paquete de mejora definitiva de SCARLET NEXUS,25599.0,10239.6,60.00%,"Ahorra hasta $ 15.359,40",https://www.xbox.com/es-ar/games/store/paquete-de-mejora-definitiva-de-scarlet-nexus/9nh604b5tlh7
9n74k0r4vrfw,Paquete del corazón del Segador,10202.5,6835.67,33.00%,"Ahorra hasta $ 3.366,83",https://www.xbox.com/es-ar/games/store/paquete-del-corazon-del-segador/9n74k0r4vrfw
9pcwx77xpklp,Dead by Daylight: Dungeons & Dragons Windows,4892.28,2446.14,50.00%,"Ahorra hasta $ 2.446,14",https://www.xbox.com/es-ar/games/store/dead-by-daylight-dungeons-dragons-windows/9pcwx77xpklp
9nfr4t095h60,PAYDAY 3: Fear & Greed Weapon Pack,1862.0,1396.5,25.00%,"Ahorra hasta $ 465,50",https://www.xbox.com/es-ar/games/store/payday-3-fear-greed-weapon-pack/9nfr4t095h60
9ncv7cwvfbll,Paquete de la Ira de los naufragarios,10202.5,5101.25,50.00%,"Ahorra hasta $ 5.101,25",https://www.xbox.com/es-ar/games/store/paquete-de-la-ira-de-los-naufragarios/9ncv7cwvfbll
9p6pvmpw2g4s,SnowRunner - Season 10: Fix and Connect (Windows),999.0,649.35,35.00%,"Ahorra hasta $ 349,65",https://www.xbox.com/es-ar/games/store/snowrunner-season-10-fix-and-connect-windows/9p6pvmpw2g4s
9p6rtkjzdcfz,Atomic Heart - Annihilation Instinct (Windows),11999.0,8399.3,30.00%,"Ahorra hasta $ 3.599,70",https://www.xbox.com/es-ar/games/store/atomic-heart-annihilation-instinct-windows/9p6rtkjzdcfz
9p95h49kss5j,DREDGE - Digital Deluxe Edition,18998.0,7599.2,60.00%,"Ahorra hasta $ 11.398,80",https://www.xbox.com/es-ar/games/store/dredge-digital-deluxe-edition/9p95h49kss5j
9n4s2lvbs04v,Street Fighter Pack,178.0,35.6,80.00%,"Ahorra hasta $ 142,40",https://www.xbox.com/es-ar/games/store/street-fighter-pack/9n4s2lvbs04v
9nhcv73033d8,Pack piratas legendarios,10999.0,8249.25,25.00%,"Ahorra hasta $ 2.749,75",https://www.xbox.com/es-ar/games/store/pack-piratas-legendarios/9nhcv73033d8
9pl216dhjqlq,Star Trucker - Amped Customization Pack,43.0,30.1,30.00%,"Ahorra hasta $ 12,90",https://www.xbox.com/es-ar/games/store/star-trucker-amped-customization-pack/9pl216dhjqlq
9nkbnrkj9fxs,The Crew Motorfest,11999.8,11999.8,0.00%,"Ahorra hasta $ 47.999,20",https://www.xbox.com/es-ar/games/store/the-crew-motorfest/9nkbnrkj9fxs
9plhdcmxh1tl,DOOM Eternal: The Ancient Gods - primera parte (PC),8799.0,3519.6,60.00%,"Ahorra hasta $ 5.279,40",https://www.xbox.com/es-ar/games/store/doom-eternal-the-ancient-gods-primera-parte-pc/9plhdcmxh1tl
bt7tn5st3p4z,Just Cause 4 - Paquete Equipo dorado,4099.0,1229.7,70.00%,"Ahorra hasta $ 2.869,30",https://www.xbox.com/es-ar/games/store/just-cause-4-paquete-equipo-dorado/bt7tn5st3p4z
9pds6mp2nlp5,PAYDAY 3: Houston Breakout Heist,2799.0,1959.3,30.00%,"Ahorra hasta $ 839,70",https://www.xbox.com/es-ar/games/store/payday-3-houston-breakout-heist/9pds6mp2nlp5
9nz2vpwf4vzm,PAYDAY 3: Boys in Blue Weapon Pack,1862.0,1396.5,25.00%,"Ahorra hasta $ 465,50",https://www.xbox.com/es-ar/games/store/payday-3-boys-in-blue-weapon-pack/9nz2vpwf4vzm
9nsqvwz9rp8f,PAYDAY 3: Houston Breakout Weapon Pack,1862.0,1396.5,25.00%,"Ahorra hasta $ 465,50",https://www.xbox.com/es-ar/games/store/payday-3-houston-breakout-weapon-pack/9nsqvwz9rp8f
9nmr7lwrf4zs,Lote de Guerras y patas,10202.5,7651.87,25.00%,"Ahorra hasta $ 2.550,63",https://www.xbox.com/es-ar/games/store/lote-de-guerras-y-patas/9nmr7lwrf4zs
9nwvbb96m1sz,Pase de temporada de SD GUNDAM BATTLE ALLIANCE,15999.0,7999.5,50.00%,"Ahorra hasta $ 7.999,50",https://www.xbox.com/es-ar/games/store/pase-de-temporada-de-sd-gundam-battle-alliance/9nwvbb96m1sz
9plnw6ds2jc6,Star Trucker - Hallow's Eve Pack,2299.0,1609.3,30.00%,"Ahorra hasta $ 689,70",https://www.xbox.com/es-ar/games/store/star-trucker-hallows-eve-pack/9plnw6ds2jc6
9pdzrjtpgsvn,Lote del felino refinado,5999.0,4019.33,33.00%,"Ahorra hasta $ 1.979,67",https://www.xbox.com/es-ar/games/store/lote-del-felino-refinado/9pdzrjtpgsvn
9p3sl33tm14p,PAYDAY 3: Boys in Blue Heist,2799.0,1959.3,30.00%,"Ahorra hasta $ 839,70",https://www.xbox.com/es-ar/games/store/payday-3-boys-in-blue-heist/9p3sl33tm14p
9p86xqrpgj1f,Pack karaoke y música,3599.0,2699.25,25.00%,"Ahorra hasta $ 899,75",https://www.xbox.com/es-ar/games/store/pack-karaoke-y-musica/9p86xqrpgj1f
9nwt03pq7z9f,PAYDAY 3: Syntax Error Weapon Pack,2099.0,1574.25,25.00%,"Ahorra hasta $ 524,75",https://www.xbox.com/es-ar/games/store/payday-3-syntax-error-weapon-pack/9nwt03pq7z9f
9nh37ckr2d6g,Insurgency: Sandstorm - Year 1 Pass,18999.0,9499.5,50.00%,"Ahorra hasta $ 9.499,50",https://www.xbox.com/es-ar/games/store/insurgency-sandstorm-year-1-pass/9nh37ckr2d6g
9mt4s0dsw2x9,PAYDAY 3: Houston Breakout Tailor Pack,1396.0,935.32,33.00%,"Ahorra hasta $ 460,68",https://www.xbox.com/es-ar/games/store/payday-3-houston-breakout-tailor-pack/9mt4s0dsw2x9
9nkp3qqwb65c,Eiyuden Chronicle: Hundred Heroes - Ampliación de la historia: Capítulo de Markus,4199.0,2519.4,40.00%,"Ahorra hasta $ 1.679,60",https://www.xbox.com/es-ar/games/store/eiyuden-chronicle-hundred-heroes-ampliacion-de-la-historia-capitulo-de-markus/9nkp3qqwb65c
9mwrfnrk3jzv,Overcooked! 2 - Carnival of Chaos,5000.0,2500.0,50.00%,"Ahorra hasta $ 2.500,00",https://www.xbox.com/es-ar/games/store/overcooked-2-carnival-of-chaos/9mwrfnrk3jzv
9pfvk15z5zq6,SnowRunner - Year 1 Pass (Windows 10),20999.0,14699.3,30.00%,"Ahorra hasta $ 6.299,70",https://www.xbox.com/es-ar/games/store/snowrunner-year-1-pass-windows-10/9pfvk15z5zq6
9p0sn6f27l16,Power Rangers: Battle for the Grid - Pase de la tercera temporada,214.0,42.8,80.00%,"Ahorra hasta $ 171,20",https://www.xbox.com/es-ar/games/store/power-rangers-battle-for-the-grid-pase-de-la-tercera-temporada/9p0sn6f27l16
bwp0lzrztnrz,Just Cause 4: paquete Vehículos Lobos de mar,4099.0,2049.5,50.00%,"Ahorra hasta $ 2.049,50",https://www.xbox.com/es-ar/games/store/just-cause-4-paquete-vehiculos-lobos-de-mar/bwp0lzrztnrz
9p5hqpnvh3sl,Paquete del Festival de la Abundancia en Sea of Thieves,10202.5,8672.12,15.00%,"Ahorra hasta $ 1.530,38",https://www.xbox.com/es-ar/games/store/paquete-del-festival-de-la-abundancia-en-sea-of-thieves/9p5hqpnvh3sl
9mzznl8j2msz,Broken Age,32.1,32.1,0.00%,"Ahorra hasta $ 181,90",https://www.xbox.com/es-ar/games/store/broken-age/9mzznl8j2msz
9pk50z344dj8,Lote de ayudante del cazador,5999.0,4019.33,33.00%,"Ahorra hasta $ 1.979,67",https://www.xbox.com/es-ar/games/store/lote-de-ayudante-del-cazador/9pk50z344dj8
9nr6zvl0r4nw,World War Z - The Rat Packs Weapon Skins Bundle,70.0,49.0,30.00%,"Ahorra hasta $ 21,00",https://www.xbox.com/es-ar/games/store/world-war-z-the-rat-packs-weapon-skins-bundle/9nr6zvl0r4nw
9n7qttlp7xjg,SnowRunner - Season 3: Locate & Deliver (Windows 10),349.0,226.85,35.00%,"Ahorra hasta $ 122,15",https://www.xbox.com/es-ar/games/store/snowrunner-season-3-locate-deliver-windows-10/9n7qttlp7xjg
c4shfcp8rw21,Just Cause 4: paquete Vehículos tiburones y ladridos,4099.0,2049.5,50.00%,"Ahorra hasta $ 2.049,50",https://www.xbox.com/es-ar/games/store/just-cause-4-paquete-vehiculos-tiburones-y-ladridos/c4shfcp8rw21
9pf39xfbw4z7,PAYDAY 3: Boys in Blue Tailor Pack,1396.0,935.32,33.00%,"Ahorra hasta $ 460,68",https://www.xbox.com/es-ar/games/store/payday-3-boys-in-blue-tailor-pack/9pf39xfbw4z7
9ncktkvfszb7,Metal: Hellsinger - Sueño de la bestia,58.0,43.5,25.00%,"Ahorra hasta $ 14,50",https://www.xbox.com/es-ar/games/store/metal-hellsinger-sueno-de-la-bestia/9ncktkvfszb7
9np62lzz0ssl,Eiyuden Chronicle: Hundred Heroes - Ampliación de la historia: Capítulo de Seign,4199.0,2519.4,40.00%,"Ahorra hasta $ 1.679,60",https://www.xbox.com/es-ar/games/store/eiyuden-chronicle-hundred-heroes-ampliacion-de-la-historia-capitulo-de-seign/9np62lzz0ssl
9n6gk1h00rkx,Overcooked! 2 - Surf 'n' Turf,5000.0,2500.0,50.00%,"Ahorra hasta $ 2.500,00",https://www.xbox.com/es-ar/games/store/overcooked-2-surf-n-turf/9n6gk1h00rkx
9n9kxr59nnm4,Robolifter (For Windows 10),85.0,42.5,50.00%,"Ahorra hasta $ 42,50",https://www.xbox.com/es-ar/games/store/robolifter-for-windows-10/9n9kxr59nnm4
9n9tq6272h8l,Eiyuden Chronicle: Hundred Heroes - Ampliación de la historia: Capítulo de Marisa,4199.0,2519.4,40.00%,"Ahorra hasta $ 1.679,60",https://www.xbox.com/es-ar/games/store/eiyuden-chronicle-hundred-heroes-ampliacion-de-la-historia-capitulo-de-marisa/9n9tq6272h8l
9npbhp7vv9pd,Ninja Turtles: Mutantes Desencadenados - Paquete de misión Carne fresca,7065.0,3532.5,50.00%,"Ahorra hasta $ 3.532,50",https://www.xbox.com/es-ar/games/store/ninja-turtles-mutantes-desencadenados-paquete-de-mision-carne-fresca/9npbhp7vv9pd
9mtvh6wmhn01,Paquete Perros y degolladores,10202.5,8672.12,15.00%,"Ahorra hasta $ 1.530,38",https://www.xbox.com/es-ar/games/store/paquete-perros-y-degolladores/9mtvh6wmhn01
9phpcmjltvc0,Paquete del Pase de supervivencia Exoprimal: Nivel prémium,7344.0,3672.0,50.00%,"Ahorra hasta $ 3.672,00",https://www.xbox.com/es-ar/games/store/paquete-del-pase-de-supervivencia-exoprimal-nivel-premium/9phpcmjltvc0
9p1d64bz1sc1,Power Rangers: Battle for the Grid - Pase de la temporada uno,178.0,35.6,80.00%,"Ahorra hasta $ 142,40",https://www.xbox.com/es-ar/games/store/power-rangers-battle-for-the-grid-pase-de-la-temporada-uno/9p1d64bz1sc1
9mzc0t3q763g,Resident Evil 3 Todo desbloqueado for Windows,4660.36,1864.14,60.00%,"Ahorra hasta $ 2.796,22",https://www.xbox.com/es-ar/games/store/resident-evil-3-todo-desbloqueado-for-windows/9mzc0t3q763g
9nd1vf0dl30s,Overcooked! 2 - Campfire Cook Off,5000.0,2500.0,50.00%,"Ahorra hasta $ 2.500,00",https://www.xbox.com/es-ar/games/store/overcooked-2-campfire-cook-off/9nd1vf0dl30s
9mt0r718m74n,Pase de la segunda temporada,178.0,35.6,80.00%,"Ahorra hasta $ 142,40",https://www.xbox.com/es-ar/games/store/pase-de-la-segunda-temporada/9mt0r718m74n
9p2352hk5wfb,Insurgency: Sandstorm - Year 2 Pass,18999.0,9499.5,50.00%,"Ahorra hasta $ 9.499,50",https://www.xbox.com/es-ar/games/store/insurgency-sandstorm-year-2-pass/9p2352hk5wfb
9n680tvbpl1b,Pack atuendos legendarios,3599.0,2699.25,25.00%,"Ahorra hasta $ 899,75",https://www.xbox.com/es-ar/games/store/pack-atuendos-legendarios/9n680tvbpl1b
9nm1blp1rh99,Lote de Búho majestuoso,5999.0,5099.15,15.00%,"Ahorra hasta $ 899,85",https://www.xbox.com/es-ar/games/store/lote-de-buho-majestuoso/9nm1blp1rh99
9n53m3c0c8n7,Overcooked! 2 - Too Many Cooks Pack,2500.0,1250.0,50.00%,"Ahorra hasta $ 1.250,00",https://www.xbox.com/es-ar/games/store/overcooked-2-too-many-cooks-pack/9n53m3c0c8n7
9p7mfwtxv55r,Pack de atuendos clásicos for Windows,2792.48,2094.36,25.00%,"Ahorra hasta $ 698,12",https://www.xbox.com/es-ar/games/store/pack-de-atuendos-clasicos-for-windows/9p7mfwtxv55r
9mv7t8046m06,SnowRunner - Season 9: Renew and Rebuild (Windows),699.0,454.35,35.00%,"Ahorra hasta $ 244,65",https://www.xbox.com/es-ar/games/store/snowrunner-season-9-renew-and-rebuild-windows/9mv7t8046m06
9mtthk2h1h45,SnowRunner - Season 5: Build & Dispatch (Windows 10),349.0,226.85,35.00%,"Ahorra hasta $ 122,15",https://www.xbox.com/es-ar/games/store/snowrunner-season-5-build-dispatch-windows-10/9mtthk2h1h45
9nkjb4dtm70f,We Love Katamari REROLL+ Royal Reverie - Katamari Damacy Series Music Bundle,12799.0,3199.75,75.00%,"Ahorra hasta $ 9.599,25",https://www.xbox.com/es-ar/games/store/we-love-katamari-reroll-royal-reverie-katamari-damacy-series-music-bundle/9nkjb4dtm70f
9n93jwqtq64l,CONSCRIPT - Golden Gun Pack,1700.0,1105.0,35.00%,"Ahorra hasta $ 595,00",https://www.xbox.com/es-ar/games/store/conscript-golden-gun-pack/9n93jwqtq64l
9plltptrgd30,Sea of Thieves: lote inicial de loro,5999.0,4499.25,25.00%,"Ahorra hasta $ 1.499,75",https://www.xbox.com/es-ar/games/store/sea-of-thieves-lote-inicial-de-loro/9plltptrgd30
9nwtn1pj1r8k,Christmas Mutilator,13399.0,10719.2,20.00%,"Ahorra hasta $ 2.679,80",https://www.xbox.com/es-ar/games/store/christmas-mutilator/9nwtn1pj1r8k
9nglst31dg26,A Game About Digging A Hole™,4941.0,4941.0,0.00%,"Ahorra hasta $ 549,00",https://www.xbox.com/es-ar/games/store/a-game-about-digging-a-hole/9nglst31dg26
9p4bh1j7v54b,Astro Miner: Complete Edition,7999.0,3999.5,50.00%,"Ahorra hasta $ 3.999,50",https://www.xbox.com/es-ar/games/store/astro-miner-complete-edition/9p4bh1j7v54b
9p6h945kgvq3,Los Pitufos: Dreams - Cosmic Costume,2399.0,1559.35,35.00%,"Ahorra hasta $ 839,65",https://www.xbox.com/es-ar/games/store/los-pitufos-dreams-cosmic-costume/9p6h945kgvq3
9nv7nhg8jzhv,Paquete del Festival de la Abundancia en Sea of Thieves,10202.5,7651.87,25.00%,"Ahorra hasta $ 2.550,63",https://www.xbox.com/es-ar/games/store/paquete-del-festival-de-la-abundancia-en-sea-of-thieves/9nv7nhg8jzhv
9nfdvlxhb1gt,Paquete de comerciante de bananas,10202.5,5101.25,50.00%,"Ahorra hasta $ 5.101,25",https://www.xbox.com/es-ar/games/store/paquete-de-comerciante-de-bananas/9nfdvlxhb1gt
9n661lcnbh8j,Far Cry® 6,9599.8,9599.8,0.00%,"Ahorra hasta $ 38.399,20",https://www.xbox.com/es-ar/games/store/far-cry-6/9n661lcnbh8j
9pj4g4mbm08w,PAYDAY 3: Syntax Error Tailor Pack,599.0,401.33,33.00%,"Ahorra hasta $ 197,67",https://www.xbox.com/es-ar/games/store/payday-3-syntax-error-tailor-pack/9pj4g4mbm08w
9n0vww35tsgf,Paquete de gatos fuera de la bolsa,10202.5,7651.87,25.00%,"Ahorra hasta $ 2.550,63",https://www.xbox.com/es-ar/games/store/paquete-de-gatos-fuera-de-la-bolsa/9n0vww35tsgf
9n4tfql2pjck,Lote de Compañeros Celestiales,10202.5,6835.67,33.00%,"Ahorra hasta $ 3.366,83",https://www.xbox.com/es-ar/games/store/lote-de-companeros-celestiales/9n4tfql2pjck
9p21j7fg0jlw,CONSCRIPT - Trench Raider Pack,4199.0,2729.35,35.00%,"Ahorra hasta $ 1.469,65",https://www.xbox.com/es-ar/games/store/conscript-trench-raider-pack/9p21j7fg0jlw
9p3rv6v4whl8,Ninja Turtles: Mutantes Desencadenados - Paquete del cómic de 1984,3086.0,1543.0,50.00%,"Ahorra hasta $ 1.543,00",https://www.xbox.com/es-ar/games/store/ninja-turtles-mutantes-desencadenados-paquete-del-comic-de-1984/9p3rv6v4whl8
9ppgt1w1dwkh,PAYDAY 3: Fear & Greed Tailor Pack,1396.0,935.32,33.00%,"Ahorra hasta $ 460,68",https://www.xbox.com/es-ar/games/store/payday-3-fear-greed-tailor-pack/9ppgt1w1dwkh
9n2fbp5rzx06,Fuga: Melodies of Steel - Extras de la Edición Deluxe,2000.0,1000.0,50.00%,"Ahorra hasta $ 1.000,00",https://www.xbox.com/es-ar/games/store/fuga-melodies-of-steel-extras-de-la-edicion-deluxe/9n2fbp5rzx06
9p36wt0l65cj,Insurgency: Sandstorm - Year 1+2 Bundle,14999.0,7499.5,50.00%,"Ahorra hasta $ 7.499,50",https://www.xbox.com/es-ar/games/store/insurgency-sandstorm-year-1-2-bundle/9p36wt0l65cj
9p9pxc30zdhx,Metal: Hellsinger - Purgatory,85.0,63.75,25.00%,"Ahorra hasta $ 21,25",https://www.xbox.com/es-ar/games/store/metal-hellsinger-purgatory/9p9pxc30zdhx
9pl4j2rr8457,Lote de salpicacola monarca,10202.5,6835.67,33.00%,"Ahorra hasta $ 3.366,83",https://www.xbox.com/es-ar/games/store/lote-de-salpicacola-monarca/9pl4j2rr8457
9n38mb1qc8m0,Lote de Frenesí fósil,10202.5,5101.25,50.00%,"Ahorra hasta $ 5.101,25",https://www.xbox.com/es-ar/games/store/lote-de-frenesi-fosil/9n38mb1qc8m0
9nkr7b7x7z5g,Paquete de días de perro,10202.5,6835.67,33.00%,"Ahorra hasta $ 3.366,83",https://www.xbox.com/es-ar/games/store/paquete-de-dias-de-perro/9nkr7b7x7z5g
9nhjzsv44t2f,SnowRunner - Year 2 Pass (Windows 10),20999.0,14699.3,30.00%,"Ahorra hasta $ 6.299,70",https://www.xbox.com/es-ar/games/store/snowrunner-year-2-pass-windows-10/9nhjzsv44t2f
9pg2wglfr8f0,Insurgency: Sandstorm - Year 3 Pass,11999.0,8399.3,30.00%,"Ahorra hasta $ 3.599,70",https://www.xbox.com/es-ar/games/store/insurgency-sandstorm-year-3-pass/9pg2wglfr8f0
9nd5s3jzdqvt,Paquete de colaboración con Capcom,10202.0,5101.0,50.00%,"Ahorra hasta $ 5.101,00",https://www.xbox.com/es-ar/games/store/paquete-de-colaboracion-con-capcom/9nd5s3jzdqvt
9n4clm2vzb33,Monster Hunter Rise Paquete DLC 10,16801.59,12601.19,25.00%,"Ahorra hasta $ 4.200,40",https://www.xbox.com/es-ar/games/store/monster-hunter-rise-paquete-dlc-10/9n4clm2vzb33
9p7t44ttdl7m,RESIDENT EVIL 3 for Windows,9317.35,9317.35,0.00%,"Ahorra hasta $ 17.303,65",https://www.xbox.com/es-ar/games/store/resident-evil-3-for-windows/9p7t44ttdl7m
9p78d85hq597,PAYDAY 3: Syntax Error Heist,3799.0,2659.3,30.00%,"Ahorra hasta $ 1.139,70",https://www.xbox.com/es-ar/games/store/payday-3-syntax-error-heist/9p78d85hq597
9pfv8h1gp106,Ninja Turtles: Mutantes Desencadenados - Paquete Metaleros,3086.0,1543.0,50.00%,"Ahorra hasta $ 1.543,00",https://www.xbox.com/es-ar/games/store/ninja-turtles-mutantes-desencadenados-paquete-metaleros/9pfv8h1gp106
9msnmsg2wtsk,Paquete inicial de Kraken,5999.0,4499.25,25.00%,"Ahorra hasta $ 1.499,75",https://www.xbox.com/es-ar/games/store/paquete-inicial-de-kraken/9msnmsg2wtsk
9nhgm50n8kjv,World War Z - Zeke Hunter Weapons Pack,70.0,42.0,40.00%,"Ahorra hasta $ 28,00",https://www.xbox.com/es-ar/games/store/world-war-z-zeke-hunter-weapons-pack/9nhgm50n8kjv
9nqp36lz107m,World War Z - Explorer Weapon Skin Pack,70.0,42.0,40.00%,"Ahorra hasta $ 28,00",https://www.xbox.com/es-ar/games/store/world-war-z-explorer-weapon-skin-pack/9nqp36lz107m
9p5lzc1kb48v,Pillars of Eternity: Hero Edition,3299.25,3299.25,0.00%,"Ahorra hasta $ 9.897,75",https://www.xbox.com/es-ar/games/store/pillars-of-eternity-hero-edition/9p5lzc1kb48v
9n6fwnvhqngd,Chants of Sennaar (Windows),9999.0,5999.4,40.00%,"Ahorra hasta $ 3.999,60",https://www.xbox.com/es-ar/games/store/chants-of-sennaar-windows/9n6fwnvhqngd
bzcb0jl7qdbd,Just Cause 4 - Temerarios de la destrucción,6499.0,3249.5,50.00%,"Ahorra hasta $ 3.249,50",https://www.xbox.com/es-ar/games/store/just-cause-4-temerarios-de-la-destruccion/bzcb0jl7qdbd
9p68wrc0xg72,Fuga: Melodies of Steel 2 - Extras de la Edición Deluxe,2000.0,1000.0,50.00%,"Ahorra hasta $ 1.000,00",https://www.xbox.com/es-ar/games/store/fuga-melodies-of-steel-2-extras-de-la-edicion-deluxe/9p68wrc0xg72
9mtlp56r87ws,"Paquete de armas superpuestas ""Código perdido""",13065.83,9799.37,25.00%,"Ahorra hasta $ 3.266,46",https://www.xbox.com/es-ar/games/store/paquete-de-armas-superpuestas-codigo-perdido/9mtlp56r87ws
9pfb435h3758,Pack personalización naval,3599.0,2699.25,25.00%,"Ahorra hasta $ 899,75",https://www.xbox.com/es-ar/games/store/pack-personalizacion-naval/9pfb435h3758
9nzcmsxvhvj8,Lote del corazón de hielo,10202.5,7651.87,25.00%,"Ahorra hasta $ 2.550,63",https://www.xbox.com/es-ar/games/store/lote-del-corazon-de-hielo/9nzcmsxvhvj8
9ntsp9sx8fbk,Sid Meier's Civilization® VI Anthology (Windows PC),57400.0,22960.0,60.00%,"Ahorra hasta $ 34.440,00",https://www.xbox.com/es-ar/games/store/sid-meiers-civilization-vi-anthology-windows-pc/9ntsp9sx8fbk
9p8lnq1972pt,Lote de Bigotes y Armas,10202.5,8672.12,15.00%,"Ahorra hasta $ 1.530,38",https://www.xbox.com/es-ar/games/store/lote-de-bigotes-y-armas/9p8lnq1972pt
9nrzfg8q27bf,ReactorX (for Windows 10),70.0,24.5,65.00%,"Ahorra hasta $ 45,50",https://www.xbox.com/es-ar/games/store/reactorx-for-windows-10/9nrzfg8q27bf
9njccc3htq7w,Expansión Tales of Arise - Beyond the Dawn,19199.0,9599.5,50.00%,"Ahorra hasta $ 9.599,50",https://www.xbox.com/es-ar/games/store/expansion-tales-of-arise-beyond-the-dawn/9njccc3htq7w
9pb95wcfkc7v,Metal: Hellsinger - Essential Hits Pack,142.0,106.5,25.00%,"Ahorra hasta $ 35,50",https://www.xbox.com/es-ar/games/store/metal-hellsinger-essential-hits-pack/9pb95wcfkc7v
9p2knspz9292,Anno 1800™,11999.75,11999.75,0.00%,"Ahorra hasta $ 35.999,25",https://www.xbox.com/es-ar/games/store/anno-1800/9p2knspz9292
9n44mzqsqd9q,Overcooked! 2 - Night of the Hangry Horde,8000.0,4000.0,50.00%,"Ahorra hasta $ 4.000,00",https://www.xbox.com/es-ar/games/store/overcooked-2-night-of-the-hangry-horde/9n44mzqsqd9q
bw6v0rct5jwh,Just Cause 4 - Paquete Renegado,2499.0,749.7,70.00%,"Ahorra hasta $ 1.749,30",https://www.xbox.com/es-ar/games/store/just-cause-4-paquete-renegado/bw6v0rct5jwh
bxrfzn35h7d2,Just Cause 4 - Paquete Escorpión acechador,4099.0,1229.7,70.00%,"Ahorra hasta $ 2.869,30",https://www.xbox.com/es-ar/games/store/just-cause-4-paquete-escorpion-acechador/bxrfzn35h7d2
9pldbdv29t63,Paquete de Bilge Dog,5999.0,4019.33,33.00%,"Ahorra hasta $ 1.979,67",https://www.xbox.com/es-ar/games/store/paquete-de-bilge-dog/9pldbdv29t63
9pddrvkpf6kg,Ara History Untold: Anniversary Edition,29999.5,29999.5,0.00%,"Ahorra hasta $ 29.999,50",https://www.xbox.com/es-ar/games/store/ara-history-untold-anniversary-edition/9pddrvkpf6kg
9nh5h2d4cvlw,ReactorX 2 (PC),70.0,31.5,55.00%,"Ahorra hasta $ 38,50",https://www.xbox.com/es-ar/games/store/reactorx-2-pc/9nh5h2d4cvlw
9p97jgbzj0rd,Catnigma (Windows),71.5,50.05,30.00%,"Ahorra hasta $ 21,45",https://www.xbox.com/es-ar/games/store/catnigma-windows/9p97jgbzj0rd
9nv8s8twbt95,HOT WHEELS™ - Monster Trucks Expansion - Windows Edition,14999.0,2999.8,80.00%,"Ahorra hasta $ 11.999,20",https://www.xbox.com/es-ar/games/store/hot-wheels-monster-trucks-expansion-windows-edition/9nv8s8twbt95
9ng8fsvj8l4p,Railway Empire 2 - Bella Italia,157.0,141.3,10.00%,"Ahorra hasta $ 15,70",https://www.xbox.com/es-ar/games/store/railway-empire-2-bella-italia/9ng8fsvj8l4p
9pjlc270670n,Monster Hunter Rise: Sunbreak,35219.0,5282.85,85.00%,"Ahorra hasta $ 29.936,15",https://www.xbox.com/es-ar/games/store/monster-hunter-rise-sunbreak/9pjlc270670n
9nvg3rf7n6jq,Hand-Drawn Epic Adventures,299.0,119.6,60.00%,"Ahorra hasta $ 179,40",https://www.xbox.com/es-ar/games/store/hand-drawn-epic-adventures/9nvg3rf7n6jq
9n5pd692lv2l,Kit inicial,13202.0,6601.0,50.00%,"Ahorra hasta $ 6.601,00",https://www.xbox.com/es-ar/games/store/kit-inicial/9n5pd692lv2l
9nf4x6t7drmt,Colección maestra 1,18367.0,9183.5,50.00%,"Ahorra hasta $ 9.183,50",https://www.xbox.com/es-ar/games/store/coleccion-maestra-1/9nf4x6t7drmt
9p7xr8qczdn5,AMAZE!: Complete Bundle,7999.0,4399.45,45.00%,"Ahorra hasta $ 3.599,55",https://www.xbox.com/es-ar/games/store/amaze-complete-bundle/9p7xr8qczdn5
9n3gkd4tljhw,World War Z: Aftermath Upgrade,170.4,170.4,0.00%,"Ahorra hasta $ 113,60",https://www.xbox.com/es-ar/games/store/world-war-z-aftermath-upgrade/9n3gkd4tljhw
9p5prxl2cbbw,SnowRunner - Season 13: Dig and Drill (Windows),3599.0,2699.25,25.00%,"Ahorra hasta $ 899,75",https://www.xbox.com/es-ar/games/store/snowrunner-season-13-dig-and-drill-windows/9p5prxl2cbbw
9n12s50t5fzh,Paquete estético de la colección maestra DOOMicorn (PC),2199.0,1099.5,50.00%,"Ahorra hasta $ 1.099,50",https://www.xbox.com/es-ar/games/store/paquete-estetico-de-la-coleccion-maestra-doomicorn-pc/9n12s50t5fzh
9npbf4r1gdw4,HOT WHEELS™ - Batman Expansion - Windows Edition,14999.0,2999.8,80.00%,"Ahorra hasta $ 11.999,20",https://www.xbox.com/es-ar/games/store/hot-wheels-batman-expansion-windows-edition/9npbf4r1gdw4
9n673zl1tcs7,Paradise Killer,10999.0,2749.75,75.00%,"Ahorra hasta $ 8.249,25",https://www.xbox.com/es-ar/games/store/paradise-killer/9n673zl1tcs7
9mvr55lmfcjl,Roofcats Band - Suika Style,4499.0,3014.33,33.00%,"Ahorra hasta $ 1.484,67",https://www.xbox.com/es-ar/games/store/roofcats-band-suika-style/9mvr55lmfcjl
9nw37f7m8lg8,Colección maestra 2,18367.0,9183.5,50.00%,"Ahorra hasta $ 9.183,50",https://www.xbox.com/es-ar/games/store/coleccion-maestra-2/9nw37f7m8lg8
9pm167pgnm0s,Monster Hunter Rise Paquete DLC 1,18669.48,14002.11,25.00%,"Ahorra hasta $ 4.667,37",https://www.xbox.com/es-ar/games/store/monster-hunter-rise-paquete-dlc-1/9pm167pgnm0s
9n0lwtvw8cm4,"Paquete de DLC ""Colección Kamura"" de Monster Hunter Rise",11197.95,8398.46,25.00%,"Ahorra hasta $ 2.799,49",https://www.xbox.com/es-ar/games/store/paquete-de-dlc-coleccion-kamura-de-monster-hunter-rise/9n0lwtvw8cm4
9p0dt4q80rtb,"Paquete de DLC ""Colección adorable y tierna"" de Monster Hunter Rise",16801.59,12601.19,25.00%,"Ahorra hasta $ 4.200,40",https://www.xbox.com/es-ar/games/store/paquete-de-dlc-coleccion-adorable-y-tierna-de-monster-hunter-rise/9p0dt4q80rtb
9nzbq58p0vf3,Lote de bandido bullicioso,10202.5,6835.67,33.00%,"Ahorra hasta $ 3.366,83",https://www.xbox.com/es-ar/games/store/lote-de-bandido-bullicioso/9nzbq58p0vf3
9pnh2g7qs5p1,Lote de poses con viento y arma,10202.5,8672.12,15.00%,"Ahorra hasta $ 1.530,38",https://www.xbox.com/es-ar/games/store/lote-de-poses-con-viento-y-arma/9pnh2g7qs5p1
9n9lxx68lkwf,"DOOM Eternal: The Ancient Gods, segunda parte (PC)",8799.0,3519.6,60.00%,"Ahorra hasta $ 5.279,40",https://www.xbox.com/es-ar/games/store/doom-eternal-the-ancient-gods-segunda-parte-pc/9n9lxx68lkwf
9nv94k0j36wl,Beautiful Sakura: Fighting Club (Windows),4499.0,3734.17,17.00%,"Ahorra hasta $ 764,83",https://www.xbox.com/es-ar/games/store/beautiful-sakura-fighting-club-windows/9nv94k0j36wl
9p8rxnl2pxzt,PuzzlePet - Feed Your Cat,70.0,21.0,70.00%,"Ahorra hasta $ 49,00",https://www.xbox.com/es-ar/games/store/puzzlepet-feed-your-cat/9p8rxnl2pxzt
9nl0lm3947dq,Monster Hunter Rise Extra Paquete DLC,18669.48,14002.11,25.00%,"Ahorra hasta $ 4.667,37",https://www.xbox.com/es-ar/games/store/monster-hunter-rise-extra-paquete-dlc/9nl0lm3947dq
9nrq7qrc9j5s,Hunt: Showdown 1896 - El Hijo Prodigioso,5499.0,3849.3,30.00%,"Ahorra hasta $ 1.649,70",https://www.xbox.com/es-ar/games/store/hunt-showdown-1896-el-hijo-prodigioso/9nrq7qrc9j5s
9p6z626nllxn,Lote de marinero del Mar de Arena,10202.5,6835.67,33.00%,"Ahorra hasta $ 3.366,83",https://www.xbox.com/es-ar/games/store/lote-de-marinero-del-mar-de-arena/9p6z626nllxn
9pnks84h4nw5,DOOM Eternal: paquete estético de la serie uno (PC),4099.0,2049.5,50.00%,"Ahorra hasta $ 2.049,50",https://www.xbox.com/es-ar/games/store/doom-eternal-paquete-estetico-de-la-serie-uno-pc/9pnks84h4nw5
9nh24rh717sj,Wolfenstein II: The Freedom Chronicles Episode 1,4399.0,1759.6,60.00%,"Ahorra hasta $ 2.639,40",https://www.xbox.com/es-ar/games/store/wolfenstein-ii-the-freedom-chronicles-episode-1/9nh24rh717sj
9nc8tj6sfdp8,Atomic Heart - Atomic Pass (Windows),31999.0,22399.3,30.00%,"Ahorra hasta $ 9.599,70",https://www.xbox.com/es-ar/games/store/atomic-heart-atomic-pass-windows/9nc8tj6sfdp8
9nbp1vdtf4rs,Railway Empire 2 - Journey To The East,142.0,113.6,20.00%,"Ahorra hasta $ 28,40",https://www.xbox.com/es-ar/games/store/railway-empire-2-journey-to-the-east/9nbp1vdtf4rs
9pbc4x69xm6s,Captain Tideborne and the Siren's Call,8040.0,5628.0,30.00%,"Ahorra hasta $ 2.412,00",https://www.xbox.com/es-ar/games/store/captain-tideborne-and-the-sirens-call/9pbc4x69xm6s
9p82lc1zwsqx,Shy Dogs Hidden Orchestra,6999.0,4899.3,30.00%,"Ahorra hasta $ 2.099,70",https://www.xbox.com/es-ar/games/store/shy-dogs-hidden-orchestra/9p82lc1zwsqx
9njc8rt8xwc3,Monster Hunter Rise: Sunbreak Kit Deluxe,13202.0,5280.8,60.00%,"Ahorra hasta $ 7.921,20",https://www.xbox.com/es-ar/games/store/monster-hunter-rise-sunbreak-kit-deluxe/9njc8rt8xwc3
9n00q7wz2504,"Paquete de DLC ""Colección del reino"" de Monster Hunter Rise",1714.0,1285.5,25.00%,"Ahorra hasta $ 428,50",https://www.xbox.com/es-ar/games/store/paquete-de-dlc-coleccion-del-reino-de-monster-hunter-rise/9n00q7wz2504
9n9m2hz3p3bg,Sticky Twig DASH! Pack,12999.0,9099.3,30.00%,"Ahorra hasta $ 3.899,70",https://www.xbox.com/es-ar/games/store/sticky-twig-dash-pack/9n9m2hz3p3bg
9pdw6ww4l9r4,Monster Hunter Rise Paquete DLC 9,23339.18,17504.38,25.00%,"Ahorra hasta $ 5.834,80",https://www.xbox.com/es-ar/games/store/monster-hunter-rise-paquete-dlc-9/9pdw6ww4l9r4
9n1p6t7zq2kf,Pillars of Eternity: Definitive Edition,4434.75,4434.75,0.00%,"Ahorra hasta $ 13.304,25",https://www.xbox.com/es-ar/games/store/pillars-of-eternity-definitive-edition/9n1p6t7zq2kf
9pfgpfwxlbmx,Crate Fang (Windows),3699.0,2589.3,30.00%,"Ahorra hasta $ 1.109,70",https://www.xbox.com/es-ar/games/store/crate-fang-windows/9pfgpfwxlbmx
9nt31pd7rswg,DOOM Eternal: paquete estético del evento de la serie cuatro (PC),4099.0,2049.5,50.00%,"Ahorra hasta $ 2.049,50",https://www.xbox.com/es-ar/games/store/doom-eternal-paquete-estetico-del-evento-de-la-serie-cuatro-pc/9nt31pd7rswg
9mwnm44nkgz0,DOOM Eternal: Series Seven Cosmetic Pack (PC),4099.0,2049.5,50.00%,"Ahorra hasta $ 2.049,50",https://www.xbox.com/es-ar/games/store/doom-eternal-series-seven-cosmetic-pack-pc/9mwnm44nkgz0
9np9ggcsh210,Pillars of Eternity: The White March Part II,1649.5,1649.5,0.00%,"Ahorra hasta $ 4.948,50",https://www.xbox.com/es-ar/games/store/pillars-of-eternity-the-white-march-part-ii/9np9ggcsh210
9p6zdqkl5d39,Pillars of Eternity: The White March Part I,1649.5,1649.5,0.00%,"Ahorra hasta $ 4.948,50",https://www.xbox.com/es-ar/games/store/pillars-of-eternity-the-white-march-part-i/9p6zdqkl5d39
9nzhkddvtptk,The Surge 2 - The Kraken Expansion,271.0,181.57,33.00%,"Ahorra hasta $ 89,43",https://www.xbox.com/es-ar/games/store/the-surge-2-the-kraken-expansion/9nzhkddvtptk
9p14ztsr0ls9,Thank Goodness You're Here!,11700.0,9360.0,20.00%,"Ahorra hasta $ 2.340,00",https://www.xbox.com/es-ar/games/store/thank-goodness-youre-here/9p14ztsr0ls9
9nfx4sfdj5p8,Beautiful Sakura: Fashion Club (Windows),4499.0,3734.17,17.00%,"Ahorra hasta $ 764,83",https://www.xbox.com/es-ar/games/store/beautiful-sakura-fashion-club-windows/9nfx4sfdj5p8
9pjssmv7hg9z,Candivity: Complete Edition,9999.0,6499.35,35.00%,"Ahorra hasta $ 3.499,65",https://www.xbox.com/es-ar/games/store/candivity-complete-edition/9pjssmv7hg9z
9p0r8x51kdph,Giant Rush,6999.0,4899.3,30.00%,"Ahorra hasta $ 2.099,70",https://www.xbox.com/es-ar/games/store/giant-rush/9p0r8x51kdph
9pcqmz0gb7v9,Fuga: Melodies of Steel 3 - Extras de la Edición Deluxe,2000.0,1800.0,10.00%,"Ahorra hasta $ 200,00",https://www.xbox.com/es-ar/games/store/fuga-melodies-of-steel-3-extras-de-la-edicion-deluxe/9pcqmz0gb7v9
9pjs1nzn6dw8,Monster Hunter Rise Deluxe Kit,13202.0,6601.0,50.00%,"Ahorra hasta $ 6.601,00",https://www.xbox.com/es-ar/games/store/monster-hunter-rise-deluxe-kit/9pjs1nzn6dw8
9n13jxgb42nh,Petey Pedro unBEETable Adventure,15000.0,10050.0,33.00%,"Ahorra hasta $ 4.950,00",https://www.xbox.com/es-ar/games/store/petey-pedro-unbeetable-adventure/9n13jxgb42nh
9nrtf0fbjgmh,Beautiful Sakura: Football Club (Windows),4499.0,3734.17,17.00%,"Ahorra hasta $ 764,83",https://www.xbox.com/es-ar/games/store/beautiful-sakura-football-club-windows/9nrtf0fbjgmh
9mws0xg3341x,Beautiful Sakura: Surfing Club (Windows),4499.0,3734.17,17.00%,"Ahorra hasta $ 764,83",https://www.xbox.com/es-ar/games/store/beautiful-sakura-surfing-club-windows/9mws0xg3341x
9n2mxw2g6tlt,Monster Hunter Rise Paquete DLC 7,23339.18,17504.38,25.00%,"Ahorra hasta $ 5.834,80",https://www.xbox.com/es-ar/games/store/monster-hunter-rise-paquete-dlc-7/9n2mxw2g6tlt
9pd76sx2v30k,Monster Hunter Rise Paquete DLC 8,23339.18,17504.38,25.00%,"Ahorra hasta $ 5.834,80",https://www.xbox.com/es-ar/games/store/monster-hunter-rise-paquete-dlc-8/9pd76sx2v30k
9np54hptz7tf,Beautiful Sakura: Volleyball Club (Windows),4499.0,3734.17,17.00%,"Ahorra hasta $ 764,83",https://www.xbox.com/es-ar/games/store/beautiful-sakura-volleyball-club-windows/9np54hptz7tf
9n1h6l3jzqmp,"Paquete de visual superpuesto ""Monstruo de Peluche""",13065.83,9799.37,25.00%,"Ahorra hasta $ 3.266,46",https://www.xbox.com/es-ar/games/store/paquete-de-visual-superpuesto-monstruo-de-peluche/9n1h6l3jzqmp
9npxk4w2001c,Beautiful Sakura: Racing Club (Windows),4499.0,3734.17,17.00%,"Ahorra hasta $ 764,83",https://www.xbox.com/es-ar/games/store/beautiful-sakura-racing-club-windows/9npxk4w2001c
9mvgbz4x7pw3,Monster Hunter Rise Paquete DLC 3,23339.18,17504.38,25.00%,"Ahorra hasta $ 5.834,80",https://www.xbox.com/es-ar/games/store/monster-hunter-rise-paquete-dlc-3/9mvgbz4x7pw3
9nl3kg03v5zk,Monster Hunter Rise Paquete DLC 5,13065.83,9799.37,25.00%,"Ahorra hasta $ 3.266,46",https://www.xbox.com/es-ar/games/store/monster-hunter-rise-paquete-dlc-5/9nl3kg03v5zk
9nsztcpwg462,Monster Hunter Rise Paquete DLC 2,28008.88,21006.66,25.00%,"Ahorra hasta $ 7.002,22",https://www.xbox.com/es-ar/games/store/monster-hunter-rise-paquete-dlc-2/9nsztcpwg462
9njr0s026hfn,Monster Hunter Rise Paquete DLC 4,23339.18,17504.38,25.00%,"Ahorra hasta $ 5.834,80",https://www.xbox.com/es-ar/games/store/monster-hunter-rise-paquete-dlc-4/9njr0s026hfn
9pndflnz0tpj,Steampunch Xbox + Windows Bundle,150.0,90.0,40.00%,"Ahorra hasta $ 60,00",https://www.xbox.com/es-ar/games/store/steampunch-xbox-windows-bundle/9pndflnz0tpj
9nvtfc3nmdkh,Tofu Dream (Windows),70.0,49.0,30.00%,"Ahorra hasta $ 21,00",https://www.xbox.com/es-ar/games/store/tofu-dream-windows/9nvtfc3nmdkh
9mzzlh1x29xd,Sticky Twig DASH! (Windows),4499.0,3149.3,30.00%,"Ahorra hasta $ 1.349,70",https://www.xbox.com/es-ar/games/store/sticky-twig-dash-windows/9mzzlh1x29xd
9phh31lnhkxg,Wolfenstein II: The Freedom Chronicles Episode 3,4399.0,1759.6,60.00%,"Ahorra hasta $ 2.639,40",https://www.xbox.com/es-ar/games/store/wolfenstein-ii-the-freedom-chronicles-episode-3/9phh31lnhkxg
9pkff94nvj49,"Warhammer 40,000: Boltgun - Forges of Corruption Expansion (Windows)",3299.0,2144.35,35.00%,"Ahorra hasta $ 1.154,65",https://www.xbox.com/es-ar/games/store/warhammer-40-000-boltgun-forges-of-corruption-expansion-windows/9pkff94nvj49
9pbvsql6bj6r,Cosplay Slayer Master Collection Cosmetic Pack (Add On - PC),2199.0,1099.5,50.00%,"Ahorra hasta $ 1.099,50",https://www.xbox.com/es-ar/games/store/cosplay-slayer-master-collection-cosmetic-pack-add-on-pc/9pbvsql6bj6r
9pf5f9tcjxf2,Tropico 6 - New Frontiers,214.0,160.5,25.00%,"Ahorra hasta $ 53,50",https://www.xbox.com/es-ar/games/store/tropico-6-new-frontiers/9pf5f9tcjxf2
9pfzrmbmksmx,DOOM Eternal: Series Three Cosmetic Pack (PC),4099.0,2049.5,50.00%,"Ahorra hasta $ 2.049,50",https://www.xbox.com/es-ar/games/store/doom-eternal-series-three-cosmetic-pack-pc/9pfzrmbmksmx
9plpwdthm4rb,Pillars of Eternity: Royal Edition Upgrade Pack,2749.5,2749.5,0.00%,"Ahorra hasta $ 8.248,50",https://www.xbox.com/es-ar/games/store/pillars-of-eternity-royal-edition-upgrade-pack/9plpwdthm4rb
9n457j0p5m85,Wolfenstein II: The Freedom Chronicles Episode 2,4399.0,1759.6,60.00%,"Ahorra hasta $ 2.639,40",https://www.xbox.com/es-ar/games/store/wolfenstein-ii-the-freedom-chronicles-episode-2/9n457j0p5m85
9nkstxghk979,Space Elite Force II - Reloaded,3880.0,3104.0,20.00%,"Ahorra hasta $ 776,00",https://www.xbox.com/es-ar/games/store/space-elite-force-ii-reloaded/9nkstxghk979
9p8nd09g418z,Treasure Drop,6960.0,5568.0,20.00%,"Ahorra hasta $ 1.392,00",https://www.xbox.com/es-ar/games/store/treasure-drop/9p8nd09g418z
9n3g7gcxd195,Panda Bamboo Adventure (Windows),6700.0,5360.0,20.00%,"Ahorra hasta $ 1.340,00",https://www.xbox.com/es-ar/games/store/panda-bamboo-adventure-windows/9n3g7gcxd195
9nx3gswgdhgv,"Ah, Love! Season 4 (Windows)",4950.0,3960.0,20.00%,"Ahorra hasta $ 990,00",https://www.xbox.com/es-ar/games/store/ah-love-season-4-windows/9nx3gswgdhgv
9nz0fcpf2rhw,Sanctum Push (Windows),3740.0,2992.0,20.00%,"Ahorra hasta $ 748,00",https://www.xbox.com/es-ar/games/store/sanctum-push-windows/9nz0fcpf2rhw
9nz4rhrr698m,Snaky Snakes,1870.0,1589.5,15.00%,"Ahorra hasta $ 280,50",https://www.xbox.com/es-ar/games/store/snaky-snakes/9nz4rhrr698m
9pgcgp21src3,RoboHero (Windows),4950.0,3960.0,20.00%,"Ahorra hasta $ 990,00",https://www.xbox.com/es-ar/games/store/robohero-windows/9pgcgp21src3
9nc7b3t343z6,Beautiful Sakura: Fitness Club (Windows),4499.0,3734.17,17.00%,"Ahorra hasta $ 764,83",https://www.xbox.com/es-ar/games/store/beautiful-sakura-fitness-club-windows/9nc7b3t343z6
c5hgqxz7pzw1,Tesla vs Lovecraft,149.0,52.15,65.00%,"Ahorra hasta $ 96,85",https://www.xbox.com/es-ar/games/store/tesla-vs-lovecraft/c5hgqxz7pzw1
9ppk3n1stl5l,Beautiful Sakura: Running Club (Windows),4499.0,3734.17,17.00%,"Ahorra hasta $ 764,83",https://www.xbox.com/es-ar/games/store/beautiful-sakura-running-club-windows/9ppk3n1stl5l
9mvll6w3d1wp,Monster Hunter Rise Paquete DLC 6,28008.88,21006.66,25.00%,"Ahorra hasta $ 7.002,22",https://www.xbox.com/es-ar/games/store/monster-hunter-rise-paquete-dlc-6/9mvll6w3d1wp
9p2btx3zqnwd,Suika And Dragons Pack,200.0,140.0,30.00%,"Ahorra hasta $ 60,00",https://www.xbox.com/es-ar/games/store/suika-and-dragons-pack/9p2btx3zqnwd
9n1nc5g65xxl,Marshmallow Marvin: Greenwood Bundle,13399.0,9379.3,30.00%,"Ahorra hasta $ 4.019,70",https://www.xbox.com/es-ar/games/store/marshmallow-marvin-greenwood-bundle/9n1nc5g65xxl
9nvv6gr85g87,HOT WHEELS™ Pass Vol. 3 - Windows Edition,29999.0,5999.8,80.00%,"Ahorra hasta $ 23.999,20",https://www.xbox.com/es-ar/games/store/hot-wheels-pass-vol-3-windows-edition/9nvv6gr85g87
9p81tzrk4pcb,Suika And Dragons (Windows),70.0,49.0,30.00%,"Ahorra hasta $ 21,00",https://www.xbox.com/es-ar/games/store/suika-and-dragons-windows/9p81tzrk4pcb
9nk3kw9dg6wq,Knightoban (Windows),1999.0,499.75,75.00%,"Ahorra hasta $ 1.499,25",https://www.xbox.com/es-ar/games/store/knightoban-windows/9nk3kw9dg6wq
9n3tgn9vvdjs,Marshmallow Marvin: Greenwood (Windows),6700.0,4690.0,30.00%,"Ahorra hasta $ 2.010,00",https://www.xbox.com/es-ar/games/store/marshmallow-marvin-greenwood-windows/9n3tgn9vvdjs
9nz2nk194c0c,DOOM Eternal: paquete estético del evento de la serie seis (PC),4099.0,2049.5,50.00%,"Ahorra hasta $ 2.049,50",https://www.xbox.com/es-ar/games/store/doom-eternal-paquete-estetico-del-evento-de-la-serie-seis-pc/9nz2nk194c0c
9ns2mzgfh83n,Railway Empire 2 - Deluxe Edition Upgrade,142.0,106.5,25.00%,"Ahorra hasta $ 35,50",https://www.xbox.com/es-ar/games/store/railway-empire-2-deluxe-edition-upgrade/9ns2mzgfh83n
9nvwrswrhf0n,Mullet Slayer Master Collection Cosmetic Pack (PC),2199.0,1099.5,50.00%,"Ahorra hasta $ 1.099,50",https://www.xbox.com/es-ar/games/store/mullet-slayer-master-collection-cosmetic-pack-pc/9nvwrswrhf0n
9nblggh4vtxf,Alphabet Match Plus,142.0,71.0,50.00%,"Ahorra hasta $ 71,00",https://www.xbox.com/es-ar/games/store/alphabet-match-plus/9nblggh4vtxf
9pb0m8tl561l,DOOM Eternal: Series Two Cosmetic Pack (PC),4099.0,2049.5,50.00%,"Ahorra hasta $ 2.049,50",https://www.xbox.com/es-ar/games/store/doom-eternal-series-two-cosmetic-pack-pc/9pb0m8tl561l
9p4bpvzf765s,DOOM Eternal: Series Five Cosmetic Pack (PC),4099.0,2049.5,50.00%,"Ahorra hasta $ 2.049,50",https://www.xbox.com/es-ar/games/store/doom-eternal-series-five-cosmetic-pack-pc/9p4bpvzf765s
9np8gh864jtw,数织,0.0,0.0,0.00%,"Ahorra hasta $ 29,00",https://www.xbox.com/es-ar/games/store/数织/9np8gh864jtw
9mtf5qbd11g9,"THE AFTER LIFE, (Nella Terra Dei Morti)",0.0,0.0,0.00%,"Ahorra hasta $ 64,00",https://www.xbox.com/es-ar/games/store/the-after-life-nella-terra-dei-morti/9mtf5qbd11g9
9mx5mksnbxsw,SnowRunner - Season 7: Compete & Conquer (Windows 10),349.0,226.85,35.00%,"Ahorra hasta $ 122,15",https://www.xbox.com/es-ar/games/store/snowrunner-season-7-compete-conquer-windows-10/9mx5mksnbxsw
9p5p6h5g6rh1,World War Z - Burning Skulls Weapons Skin Pack,70.0,56.0,20.00%,"Ahorra hasta $ 14,00",https://www.xbox.com/es-ar/games/store/world-war-z-burning-skulls-weapons-skin-pack/9p5p6h5g6rh1
9ntsr2s066dd,Detective Montgomery Fox 3: The Revenge of Victor Draven,143.0,85.8,40.00%,"Ahorra hasta $ 57,20",https://www.xbox.com/es-ar/games/store/detective-montgomery-fox-3-the-revenge-of-victor-draven/9ntsr2s066dd
9ndq5ps0447l,South Park™ – Die rektakuläre Zerreißprobe™,8599.8,8599.8,0.00%,"Ahorra hasta $ 34.399,20",https://www.xbox.com/es-ar/games/store/south-park-die-rektakulare-zerreißprobe/9ndq5ps0447l
9pdhs4ttwkpx,Battlefleet Gothic: Armada - Tau Empire,97.0,48.5,50.00%,"Ahorra hasta $ 48,50",https://www.xbox.com/es-ar/games/store/battlefleet-gothic-armada-tau-empire/9pdhs4ttwkpx
9nrhgckkv0hl,Hunt: Showdown 1896 - Frau Perchta,16999.0,9349.45,45.00%,"Ahorra hasta $ 7.649,55",https://www.xbox.com/es-ar/games/store/hunt-showdown-1896-frau-perchta/9nrhgckkv0hl
9ppk1dtnzl52,SnowRunner - Season 14: Reap & Sow (Windows),3599.0,2879.2,20.00%,"Ahorra hasta $ 719,80",https://www.xbox.com/es-ar/games/store/snowrunner-season-14-reap-sow-windows/9ppk1dtnzl52
9npp53blb2dm,World War Z - Pre-Apocalypse Character Skins Pack,70.0,56.0,20.00%,"Ahorra hasta $ 14,00",https://www.xbox.com/es-ar/games/store/world-war-z-pre-apocalypse-character-skins-pack/9npp53blb2dm
9ncx176wzp0g,DOOM Eternal - Rip and Tear Pack (PC),2199.0,1099.5,50.00%,"Ahorra hasta $ 1.099,50",https://www.xbox.com/es-ar/games/store/doom-eternal-rip-and-tear-pack-pc/9ncx176wzp0g
9n64664m6vcm,Detective Montgomery Fox: The Case of Diamond Necklace,143.0,85.8,40.00%,"Ahorra hasta $ 57,20",https://www.xbox.com/es-ar/games/store/detective-montgomery-fox-the-case-of-diamond-necklace/9n64664m6vcm
9nbtbzj062j9,Tropico 6 - Tropican Shores,214.0,181.9,15.00%,"Ahorra hasta $ 32,10",https://www.xbox.com/es-ar/games/store/tropico-6-tropican-shores/9nbtbzj062j9
9nt7207sgnfd,Ara: History Untold - Untold Scenarios,9999.0,4999.5,50.00%,"Ahorra hasta $ 4.999,50",https://www.xbox.com/es-ar/games/store/ara-history-untold-untold-scenarios/9nt7207sgnfd
9np14hwhg1f2,GreedFall - The de Vespe Conspiracy,379.0,189.5,50.00%,"Ahorra hasta $ 189,50",https://www.xbox.com/es-ar/games/store/greedfall-the-de-vespe-conspiracy/9np14hwhg1f2
9n9t83m794zd,Hunt: Showdown 1896 - Tránsfuga del meridiano,5499.0,3024.45,45.00%,"Ahorra hasta $ 2.474,55",https://www.xbox.com/es-ar/games/store/hunt-showdown-1896-transfuga-del-meridiano/9n9t83m794zd
9pntn1m2ndmf,World War Z - Golden Bloom Weapon Skins Pack,70.0,56.0,20.00%,"Ahorra hasta $ 14,00",https://www.xbox.com/es-ar/games/store/world-war-z-golden-bloom-weapon-skins-pack/9pntn1m2ndmf
9pgbdl8lk06m,Destiny 2: Año de la Profecía - Edición Definitiva (PC),55999.0,33599.4,40.00%,"Ahorra hasta $ 22.399,60",https://www.xbox.com/es-ar/games/store/destiny-2-ano-de-la-profecia-edicion-definitiva-pc/9pgbdl8lk06m
9mwgjggbv0hm,Tropico 6 - Spitter,142.0,71.0,50.00%,"Ahorra hasta $ 71,00",https://www.xbox.com/es-ar/games/store/tropico-6-spitter/9mwgjggbv0hm
9nt5f6gl6pz9,CARD QUEST,10627.0,9564.3,10.00%,"Ahorra hasta $ 1.062,70",https://www.xbox.com/es-ar/games/store/card-quest/9nt5f6gl6pz9
9nv9xh78g4t1,Bear Football,271.0,135.5,50.00%,"Ahorra hasta $ 135,50",https://www.xbox.com/es-ar/games/store/bear-football/9nv9xh78g4t1
9n6mjkpxl3qr,Borderlands 3: Season Pass 2,24600.0,14760.0,40.00%,"Ahorra hasta $ 9.840,00",https://www.xbox.com/es-ar/games/store/borderlands-3-season-pass-2/9n6mjkpxl3qr
9pfw4dsgg3fm,Hunt: Showdown 1896 - Noche clarividente,5499.0,2749.5,50.00%,"Ahorra hasta $ 2.749,50",https://www.xbox.com/es-ar/games/store/hunt-showdown-1896-noche-clarividente/9pfw4dsgg3fm
9n2ccsmm97wp,SnowRunner - Season 2: Explore & Expand (Windows 10),349.0,226.85,35.00%,"Ahorra hasta $ 122,15",https://www.xbox.com/es-ar/games/store/snowrunner-season-2-explore-expand-windows-10/9n2ccsmm97wp
9pd8rrx4dch7,World War Z - Sin City Apocalypse Episode,142.0,113.6,20.00%,"Ahorra hasta $ 28,40",https://www.xbox.com/es-ar/games/store/world-war-z-sin-city-apocalypse-episode/9pd8rrx4dch7
9pl6jr4pwcwf,Atomic Heart - Enchantment Under the Sea (Windows),10400.0,8320.0,20.00%,"Ahorra hasta $ 2.080,00",https://www.xbox.com/es-ar/games/store/atomic-heart-enchantment-under-the-sea-windows/9pl6jr4pwcwf
9ntdxblv6wgl,Season Pass de Borderlands 3,41000.0,12300.0,70.00%,"Ahorra hasta $ 28.700,00",https://www.xbox.com/es-ar/games/store/season-pass-de-borderlands-3/9ntdxblv6wgl
9ndrqds1ftrx,Hunt: Showdown 1896 - Acaparador de trofeos,5499.0,3849.3,30.00%,"Ahorra hasta $ 1.649,70",https://www.xbox.com/es-ar/games/store/hunt-showdown-1896-acaparador-de-trofeos/9ndrqds1ftrx
9plv79zsw05h,Table Soccer Foosball,39.0,21.0,46.15%,"Ahorra hasta $ 18,00",https://www.xbox.com/es-ar/games/store/table-soccer-foosball/9plv79zsw05h
9nw1wt9bjql1,SnowRunner - Season 11: Light and Cameras (Windows),1499.0,974.35,35.00%,"Ahorra hasta $ 524,65",https://www.xbox.com/es-ar/games/store/snowrunner-season-11-light-and-cameras-windows/9nw1wt9bjql1
9nwfq69kxkfx,SnowRunner - Season 4: New Frontiers (Windows 10),10999.0,7149.35,35.00%,"Ahorra hasta $ 3.849,65",https://www.xbox.com/es-ar/games/store/snowrunner-season-4-new-frontiers-windows-10/9nwfq69kxkfx
9p5nj8hbpxbt,World War Z - Valley of the Zeke Episode,142.0,106.5,25.00%,"Ahorra hasta $ 35,50",https://www.xbox.com/es-ar/games/store/world-war-z-valley-of-the-zeke-episode/9p5nj8hbpxbt
9p9rjm25mvxb,World War Z - Raven Weapons Skin Pack,70.0,49.0,30.00%,"Ahorra hasta $ 21,00",https://www.xbox.com/es-ar/games/store/world-war-z-raven-weapons-skin-pack/9p9rjm25mvxb
9wzdncrdn28t,Fate of the Pharaoh (PREMIUM),100.0,20.0,80.00%,"Ahorra hasta $ 80,00",https://www.xbox.com/es-ar/games/store/fate-of-the-pharaoh-premium/9wzdncrdn28t
9p9t7mln7k1j,Billiard : 8 Ball,27.0,21.6,20.00%,"Ahorra hasta $ 5,40",https://www.xbox.com/es-ar/games/store/billiard-8-ball/9p9t7mln7k1j
9pj56sr5qhnk,N-Back Brain Builder Premium,43.0,15.0,65.12%,"Ahorra hasta $ 28,00",https://www.xbox.com/es-ar/games/store/n-back-brain-builder-premium/9pj56sr5qhnk
9p4vtcrx9jk0,HOT WHEELS™ - GOTY Upgrade Pack - Windows Edition,44999.0,8999.8,80.00%,"Ahorra hasta $ 35.999,20",https://www.xbox.com/es-ar/games/store/hot-wheels-goty-upgrade-pack-windows-edition/9p4vtcrx9jk0
9mvffk28wb2k,la Edición Tokyo Ghoul de Dead by Daylight Windows,26669.0,13334.5,50.00%,"Ahorra hasta $ 13.334,50",https://www.xbox.com/es-ar/games/store/la-edicion-tokyo-ghoul-de-dead-by-daylight-windows/9mvffk28wb2k
9mxgxn1s48rd,SnowRunner - Season 8: Grand Harvest (Windows),10999.0,7149.35,35.00%,"Ahorra hasta $ 3.849,65",https://www.xbox.com/es-ar/games/store/snowrunner-season-8-grand-harvest-windows/9mxgxn1s48rd
9p1hfg75x8tt,K+Math: Juego infantil,0.0,0.0,0.00%,"Ahorra hasta $ 1.600,00",https://www.xbox.com/es-ar/games/store/k-math-juego-infantil/9p1hfg75x8tt
9wzdncrdm8gm,Lighthouse,2599.0,909.65,65.00%,"Ahorra hasta $ 1.689,35",https://www.xbox.com/es-ar/games/store/lighthouse/9wzdncrdm8gm
9wzdncrddbp1,Memorice,29.0,15.0,48.28%,"Ahorra hasta $ 14,00",https://www.xbox.com/es-ar/games/store/memorice/9wzdncrddbp1
9msmndtcz8wg,SnowRunner - Season 12: Public Energy (Windows),10999.0,7699.3,30.00%,"Ahorra hasta $ 3.299,70",https://www.xbox.com/es-ar/games/store/snowrunner-season-12-public-energy-windows/9msmndtcz8wg
9npw2z6gdg19,Railway Empire 2 - High Voltage,157.0,133.45,15.00%,"Ahorra hasta $ 23,55",https://www.xbox.com/es-ar/games/store/railway-empire-2-high-voltage/9npw2z6gdg19
9nmx6q2fkwtd,HOT WHEELS™ Pass Vol. 1 - Windows Edition,29999.0,5999.8,80.00%,"Ahorra hasta $ 23.999,20",https://www.xbox.com/es-ar/games/store/hot-wheels-pass-vol-1-windows-edition/9nmx6q2fkwtd
9nfwz8zkcvm0,Battle Line the Rise of War,299.0,19.0,93.65%,"Ahorra hasta $ 280,00",https://www.xbox.com/es-ar/games/store/battle-line-the-rise-of-war/9nfwz8zkcvm0
9n01cfxv604x,Tropico 6 - El Prez Pack,29.0,21.75,25.00%,"Ahorra hasta $ 7,25",https://www.xbox.com/es-ar/games/store/tropico-6-el-prez-pack/9n01cfxv604x
9nfnrt2rsgbc,Ax Jokers Wild,0.0,0.0,0.00%,"Ahorra hasta $ 1.330,00",https://www.xbox.com/es-ar/games/store/ax-jokers-wild/9nfnrt2rsgbc
9nfnrt2rsgbc,Ax Jokers Wild,0.0,0.0,0.00%,"Ahorra hasta $ 1.330,00",https://www.xbox.com/es-ar/games/store/ax-jokers-wild/9nfnrt2rsgbc
9p3bpk3fmsj6,Hunt: Showdown 1896 - The Last Laugh,5499.0,3849.3,30.00%,"Ahorra hasta $ 1.649,70",https://www.xbox.com/es-ar/games/store/hunt-showdown-1896-the-last-laugh/9p3bpk3fmsj6
9pkvkkm7vs2r,Golf With Your Friends - Critical Hit Pack,2999.0,2249.25,25.00%,"Ahorra hasta $ 749,75",https://www.xbox.com/es-ar/games/store/golf-with-your-friends-critical-hit-pack/9pkvkkm7vs2r
9p039kb51xbd,The Surge 2 - Season Pass,549.0,274.5,50.00%,"Ahorra hasta $ 274,50",https://www.xbox.com/es-ar/games/store/the-surge-2-season-pass/9p039kb51xbd
9nwcgbt1vrjs,Tropico 6 - Lobbyistico,142.0,71.0,50.00%,"Ahorra hasta $ 71,00",https://www.xbox.com/es-ar/games/store/tropico-6-lobbyistico/9nwcgbt1vrjs
9nblggh0fjz1,"Sudoku (¡Oh, no! Otro!)",29.0,15.0,48.28%,"Ahorra hasta $ 14,00",https://www.xbox.com/es-ar/games/store/sudoku-oh-no-otro/9nblggh0fjz1
9nwgf7pp70xf,Commandos: Origins - Deluxe Edition Upgrade (Win),10999.0,9349.15,15.00%,"Ahorra hasta $ 1.649,85",https://www.xbox.com/es-ar/games/store/commandos-origins-deluxe-edition-upgrade-win/9nwgf7pp70xf
9p24x5p25cx2,Atomic Heart - Trapped in Limbo (Windows),7999.0,5599.3,30.00%,"Ahorra hasta $ 2.399,70",https://www.xbox.com/es-ar/games/store/atomic-heart-trapped-in-limbo-windows/9p24x5p25cx2
9pjwnt9tr18s,Boomerang Survivor 3,108.5,59.67,45.00%,"Ahorra hasta $ 48,83",https://www.xbox.com/es-ar/games/store/boomerang-survivor-3/9pjwnt9tr18s
9p4nn8ps1bjq,Tropico 6 - Festival,214.0,117.7,45.00%,"Ahorra hasta $ 96,30",https://www.xbox.com/es-ar/games/store/tropico-6-festival/9p4nn8ps1bjq
9nb1wgkpqrx5,Hunt: Showdown 1896 - Leyendas del Pantano,5499.0,2749.5,50.00%,"Ahorra hasta $ 2.749,50",https://www.xbox.com/es-ar/games/store/hunt-showdown-1896-leyendas-del-pantano/9nb1wgkpqrx5
9nrrfdk7cfzs,SnowRunner – Season 6: Haul and Hustle,399.0,259.35,35.00%,"Ahorra hasta $ 139,65",https://www.xbox.com/es-ar/games/store/snowrunner-season-6-haul-and-hustle/9nrrfdk7cfzs
9pfcnww9vm27,Battlefleet Gothic: Armada - Space Marines,97.0,48.5,50.00%,"Ahorra hasta $ 48,50",https://www.xbox.com/es-ar/games/store/battlefleet-gothic-armada-space-marines/9pfcnww9vm27
9n04m598nb6r,Tropico 6 - Going Viral,214.0,171.2,20.00%,"Ahorra hasta $ 42,80",https://www.xbox.com/es-ar/games/store/tropico-6-going-viral/9n04m598nb6r
9n21q6v3jr40,HOT WHEELS™ Pass Vol. 2 - Windows Edition,29999.0,5999.8,80.00%,"Ahorra hasta $ 23.999,20",https://www.xbox.com/es-ar/games/store/hot-wheels-pass-vol-2-windows-edition/9n21q6v3jr40
9pn0s7924797,Tropico 6 - Return to Nature,187.0,168.3,10.00%,"Ahorra hasta $ 18,70",https://www.xbox.com/es-ar/games/store/tropico-6-return-to-nature/9pn0s7924797
9n9hx6sk2ll8,Brightstone Mysteries: The Others Collector's Edition,214.0,128.4,40.00%,"Ahorra hasta $ 85,60",https://www.xbox.com/es-ar/games/store/brightstone-mysteries-the-others-collectors-edition/9n9hx6sk2ll8
9n2wv242lqz6,HOT WHEELS™ - Looney Tunes Expansion - Windows Edition,14999.0,2999.8,80.00%,"Ahorra hasta $ 11.999,20",https://www.xbox.com/es-ar/games/store/hot-wheels-looney-tunes-expansion-windows-edition/9n2wv242lqz6
9p9thhhdxbpp,World War Z - Desert Defenders Weapons Pack,70.0,56.0,20.00%,"Ahorra hasta $ 14,00",https://www.xbox.com/es-ar/games/store/world-war-z-desert-defenders-weapons-pack/9p9thhhdxbpp
9phqlpb941br,Tropico 6 - Caribbean Skies,214.0,117.7,45.00%,"Ahorra hasta $ 96,30",https://www.xbox.com/es-ar/games/store/tropico-6-caribbean-skies/9phqlpb941br
9pm58pz4xsch,Railway Empire 2 - India,157.0,133.45,15.00%,"Ahorra hasta $ 23,55",https://www.xbox.com/es-ar/games/store/railway-empire-2-india/9pm58pz4xsch
9ndmw7g9whl5,Teach Kids Games,143.0,114.4,20.00%,"Ahorra hasta $ 28,60",https://www.xbox.com/es-ar/games/store/teach-kids-games/9ndmw7g9whl5
9nf4hwqlp0kv,Rummy 3D Premium,214.0,107.0,50.00%,"Ahorra hasta $ 107,00",https://www.xbox.com/es-ar/games/store/rummy-3d-premium/9nf4hwqlp0kv
9ncs89mq8p5n,HappyMinesweeper,0.0,0.0,0.00%,"Ahorra hasta $ 15,00",https://www.xbox.com/es-ar/games/store/happyminesweeper/9ncs89mq8p5n
9mt966nxmgrt,Railway Empire 2 - Industrial Wonders,12999.0,11699.1,10.00%,"Ahorra hasta $ 1.299,90",https://www.xbox.com/es-ar/games/store/railway-empire-2-industrial-wonders/9mt966nxmgrt
9nlrf0m0p82r,Golf With Your Friends - Soaring Eagles Cosplay Pack,3999.0,3199.2,20.00%,"Ahorra hasta $ 799,80",https://www.xbox.com/es-ar/games/store/golf-with-your-friends-soaring-eagles-cosplay-pack/9nlrf0m0p82r
9mxlwkkqj1g6,Tic Tac Toe X's & O's,0.0,0.0,0.00%,"Ahorra hasta $ 1.330,00",https://www.xbox.com/es-ar/games/store/tic-tac-toe-xs-os/9mxlwkkqj1g6
9pfcwk4hvmrx,Detective Montgomery Fox 2: The Case of Missing Ballerinas,143.0,85.8,40.00%,"Ahorra hasta $ 57,20",https://www.xbox.com/es-ar/games/store/detective-montgomery-fox-2-the-case-of-missing-ballerinas/9pfcwk4hvmrx
